userName,score,content,publishTime,replyCount,usefulCount,touristType,ipLocatedName
匿名用户,4.0,非常值得一来，建议上午来玩，上午人少基本不用排队，而且舒服。尤其是喜欢玩刺激性过山车的朋友们，可以来玩一玩，园内的过山车有倒立的过程，有生不如死的过程，这里跳楼机很舒服。租个电动车。一家几口开开心心的在园内玩，非常省力。,1746400412000,0,1,家庭亲子,湖南
YoYo_7Z4W9I4G,5.0,童话般的世界，适合带小朋友过来看风景，更适合情侣过来一起体验各种奇幻世界，每个角落看起来都很舒服，门口的服务人员也非常热情😄,1586077199000,0,5,,
YoYo_0W8T4P0L,4.0,"首先说明，本人是一名刚刚毕业的高中生，以下点评均为个人意见。
【景色】没得说，不论是太阳部落，还是卡乐小镇都各具特色，如果你是一个摄影爱好者，😉
而本人在游玩过程中发现有很多小朋友是参加研学活动来的，偶尔交流几句也很有趣。最重要的是，这里的工作人员非常非常热情。
【趣味】个人觉得 疯狂魔术师  西施  神话  大闹天宫这几款有关VR的项目不错，尤其是 神话 360度超大球型裸眼3D，可以说是卡乐压箱底级项目之一了；西施，舞台与科技的完美融合，带你在虚幻与现实之间来回穿梭，具体内容就不赘述了，大家看了就知道了。（顺带提一嘴，扮演西施的小姐姐真漂亮）其他的项目别的游乐园都有，就不赘述了。
【性价比】不要在园内买吃的！不要在园内买吃的！不要再园内买吃的！具体价格见下图，反正我个人认为来参观的大部分游客还没到随随便便就能在这吃喝的地步，而且，用餐的桌子不是很干净。个人推荐，可以学习研学的小朋友带便当，玩饿了就补充补充能量，水也可以自备。顺带一提，大门口的一家小超市和书亦的物价是正常的，如果先从远处带麻烦，可以在这购买。
关于交通，可以自驾游，也可以搭公交（特方便，还便宜）
最后附几张拍的照片
祝您旅游愉快！",1655220963000,0,15,,
YoYo_0M5M4G6X,5.0,卡乐星球，一票通玩，很多室内项目非常好看，有神话、奇幻博物馆、时光飞车、大闹天空等等，尤其是神话视觉效果特棒，如果喜欢玩刺激性的，那就得去太阳部落了，过山车都有几种，我们常德也有一家自己的主题公园，大家可不要错过呦。。,1587653817000,0,4,,
爱吃的橙子,5.0,值得体验，只有方特三分之二价格，项目一样的多，一天体验了14个项目。奇妙博物馆跟上海飞跃地平线一样精彩。神话国内唯一见到的360度球幕。心型过山车高空垂直加倒挂十分新颖。,1588252714000,0,3,,
YoYo_8W7H2K9S,5.0,"乐园比较新，游乐项目也很多，最大的特色应该是很多VR和4D影院类的项目，制作得很精美，观看又刺激又过瘾。各种身临其境的动画加上座椅的失重、超重、旋转，看多了还有点头晕目眩。

另外感觉工作人员认真负责，每一个游乐设施的工作人员都仔细检查安全座椅和防疫措施，让人感觉很安心。",1633422874000,0,2,家庭亲子,
YoYo_7L2W1L5C,5.0,常德卡乐星球欢乐科技园给我很不一般的感觉，这是个刚开业不久的欢乐体验园，但是他给我带来了很不错的体验，很多游乐设施很不错，室外很多充满刺激的体验项目，还有专属小朋友的童话王国，旋转木马，碰碰车，更有大朋友的过山车，海盗船，大摆锤等等刺激项目，最重要的是卡乐星球很多室内项目玩转了各种科技体验，让你身临其境，给你不一样的科技体验，总结一下，常德卡乐星球很不错，值得大家来打卡！小情侣，好闺蜜，好兄弟们，可以来体验体验了！真的值得推荐！,1587713173000,0,2,,
YoYo_8E9N1I2Z,5.0,门票贵了点，里面刺激项目就两个过山车和跳楼机大摆锤，适合带小朋友和喜欢温柔一点项目的伙伴，里面主题还是建的很有风格的，项目也还比较多一圈玩下来基本就到五六点了，还有部分项目没开放，比较期待水上过山车，下次有机会再去玩,1586225674000,0,3,,
YoYo_9X2J3E4W,5.0,可以说是既满足了孩子，又满足了万千少女们的美好幻想，那就是常德卡乐星球游乐园。才到门口，就被那城堡似的建筑给吸引了。欧式风情的城堡，清新梦幻的颜色，新奇有趣的形状……都给人一种童话小镇的感觉。入口处的牌匾上写着“卡乐星球”，有一种进入游乐园以后，就会去到另一个美妙世界的感觉，让人充满期待。在卡乐星球内游玩，处处都是惊喜。在被童话笼罩着的王国里，处处都是美人的身影，步步都能看见跟恐龙有关的元素，就连游玩项目也都跟海有着密切联系。游客还能在卡乐星球内的体验馆感受到各种高科技技术的神奇效果，在各个区域了解到不同的神话传说和文化知识，卡乐星球就是这样一个充满惊喜，让人受益匪浅的游乐园,1587723565000,0,2,,
YoYo_1M6W6Y8Z,5.0,小丑演员表演非常吸引人眼球，表演互动力超级强对游客也特别热情。还送了我小礼物，非常适合游玩，还有西施小姐姐也特别漂亮，项目也比较合我口味，推荐大家过来玩耍。,1587718268000,0,1,,
YoYo_5R6W3U9S,5.0,来这一定要去体验一下尖叫时刻，满星体验，还有海盗船一定要坐最后一排，还有爱心过山车，其他可以不玩，这个一定要玩，而且园内小姐姐们服务态度特别好，也很热情礼貌总体超赞，性价比高，景色不错，有趣好玩，,1616229226000,0,1,朋友出游,
YoYo_1I1Z7Y6E,5.0,又来玩了！常德有这么一个地方太爽了吧！里面的项目很刺激，办了年卡，以后可以来无数次啦！我要每个项目都玩他几十遍！激流勇进适合夏天玩，真的很爽！,1588478021000,0,1,,
YoYo_1I1Z7Y6E,5.0,和朋友去玩了，非常不错，有刺激的有温和的，我朋友喜欢玩刺激的，基本上刺激他都玩了，他玩嗨了的那个猪叫简直要笑死我，直呼下次还要再来，没玩够，我就喜欢拍拍好看的风景，卡乐里面的风格真的非常有特色，以前从来没见过，真的开眼界了，超级漂亮呀！我最喜欢的就是那个部落风格的了，真的好看，下次有时间还要去细拍，对了，这里面的风格超级适合拍婚纱照哈哈哈哈哈哈哈哈哈哈,1586929977000,0,4,,
YoYo_3G2N8N2P,5.0,太好玩了，主要还是去太迟了，想着买的全天票可以玩到晚上九点，就下午两点去的，玩了几个刺激的项目，还是有很多没玩到，感觉最奇妙的就是那个时光飞车了超级炫，有点自己在拍5D电影的感觉，希望多出点vr的项目那样很刺激，因为很多玩的不能拍照也没法上图，只能发表心里感受了，卡乐星球打造我们常德网红基地,1603819090000,0,3,,
YoYo_6G4B6M5T,5.0,2019年12月份去过，当时还没修好，但外观很漂亮，适合亲子游！作为常德人时刻关注着家乡的发展。2020年1月18日已经开园，过年休假期间准备带孩子去乐园开心！为我大常德有这么好滴乐园而感到自豪，以后亲子游再也不用去远方啦！,1579835976000,0,5,,
YoYo_7Z4W9I4G,5.0,景区内很美，适合观赏，游玩项目也很多，平均下来每个项目十元都不到，室外项目也特别刺激，特别是魔幻过山车，特别喜欢神话里面的女娲补天,1587635954000,0,1,,
YoYo_5Z3L4F0L,5.0,是值得游玩的一个地方 风景好 有好几个风格的 适合各种不同风格的小姐妹来拍照。打卡网红点。高空项目也很刺激 最喜欢的还是大闹天宫 置身其中的感觉简直太棒了 👏👏👏,1587634845000,0,1,,
YoYo_3I4S8P5M,5.0,朋友们卡乐星球是一个值得大家去嗨皮的好地方哦！有好多好玩又刺激项目。还有各种舞蹈表演。风景也是超级养眼。里面的小姐姐们都很热情哦。,1587695827000,0,0,,
YoYo_0U8D2T2T,5.0,今天上午我来到 常德卡乐星球游玩，天气很好，适宜在这地方游玩，游玩的项目太多了，每一个项目都感觉很刺激有趣，这里的风景和环境都很好，演员也很漂亮敬业,1587710605000,0,1,,
霞妹爱旅游,5.0,去的那一天是阴天，没太阳，也没雨，还是总体来说还是挺好玩的，性价比也比较高，就是太难的走了，坐公交车下车之后还走了好远的路，但是娱乐项目还是很好玩，还结交新的好朋友，特别是他们那里还有好几个不同的过山车，不一样的刺激程度，看你自己能接受哪一个就玩哪一种。整体来说还是非常好玩的，不管是亲子还是朋友，情侣都是很适合去的,1606227381000,0,2,朋友出游,
YoYo_1I9T1B1Q,5.0,非常棒，可惜好多项目没有玩，想再去一次，因为项目太多了，每一个玩一下可能至少需要两天时间。特别是大型AR和VR，让人深切体会4D带来的震撼，无不让人流连忘返！,1597880087000,0,2,家庭亲子,
长歌一梦,5.0,"常德卡乐星球打卡！
营业时间[黄金薯R] 工作日 10：00-18：00，大部分项目17：30结束，需要安排好室内游乐时间哦，工作日基本不需要排队，安排合适的话可以刷完所有项目。
票价💎 200/成人，医护人员凭借资格证或执业证免票
食物🍺 价格可以接受，里面有米饭，面食，酸辣粉等小吃等，价格在15-50不等。
项目⚡记得峡谷飞舟会淋湿！可以租赁雨衣+雨靴20块，也可以自己看带雨衣…其他的刺激项目：三大过山车，大摆锤，跳楼机，卡乐飞伞等…
乐园外有停车场☀做好防晒噢！",1588082684000,0,5,,
匿名用户,1.0,卡乐星球的服务真的很差劲了，只为了利益最大化，完全不考虑消费者的实际情况，很有是小朋友不能玩的，压根都没有一个提示，总之很差劲,1759548614000,0,1,单独旅行,湖南
YoYo_9I9S0J0Z,5.0,带孩子们去玩，孩子们的乐园，许多项目对身高有要求，最好是1米4的小朋友玩，1米2以下就在旁边看看吧，值得推荐，体验很好，有趣好玩，可以玩一天。,1596851624000,0,2,家庭亲子,
rochan19,4.0,在常德范围内真的算还不错的了，游乐场基本标配都有，还有自己的主题特色，为想去方特但是太远的常德人来说，提供了周末位置近适合家庭出游的好去处！,1596439148000,0,0,朋友出游,
YoYo_5U6P0K8W,5.0,常德逼格最高的大型游乐场所，景色宜人，项目超多，室内室外都有，爱玩的亲们推荐办年卡超级划算。所有项目一票通玩无需另外付费,1587709652000,0,1,,
霞妹爱旅游,5.0,很好玩的一次旅行，去时没什么太阳，刚好不用担心太阳晒黑，玩的东西也很多，值得推荐，里面有很多室内体验的项目也都很好玩，不管你是带小孩还是情侣，朋友都是一个挺值得去的地方，中途还跟两个陌生小姐姐组队，一天下来玩的不亦乐乎体验很好，有趣好玩，值得推荐，景色不错，,1597214076000,0,1,朋友出游,
YoYo_0T5T6V9T,5.0,景色优美，过完年带孩子游玩了一下，场地好大，项目多，一个碰碰车就玩五六次，还好是一票制，一天玩不完，根本玩不完，下次五一或暑假再带她们来玩,1708925643000,0,1,,湖南
YoYo_6U8M8S2W,4.0,里面很漂亮，适合拍照，项目很多很好玩，然后景色很好，项目刺激有趣，还有旋转木马，摩天轮等，少女心满满。太阳部落非常贴近原始部落样式，非常好看,1598538401000,0,0,朋友出游,
YoYo_1Z0I1G4Q,5.0,今天天气非常好，来了常德卡乐星球玩了一天，非常快乐，特别喜欢玩大闹天宫，影视效果非常不错，而且可以重复体验，性价比还是比较高,1709533858000,0,0,,湖南
犇劣,3.0,"收费不合理：里面有些项目还需要另外收费比如迷宫，因为设施问题需要租赁防滑鞋垫和荧光棒大人小孩收费不同25-35，拜托，这是你们自己的问题为什么要游客来承担后果？自己不能改进设备却想着从游客身上捞钱。游览车50/人/次，甜筒15，凉面18，全天自驾车240，价格写给大家参考。
项目无聊：几乎都无聊，随便举个例子，啥迷旋，就一人体转盘，不知道有啥好玩的。小镇的项目都无聊，飞车和博物馆一模一样的套路，都是3d类型。惊险刺激项目敢玩的少，要么就是平平无奇的旋转木马碰碰车。
可玩性低，性价比低，全程就玩了海盗船和飞车，浪费时间金钱。

但小镇出片率很高",1620096637000,0,3,朋友出游,
KETTY1219,5.0,很好很好很好很好，非常非常非常非常好。很好很好很好很好，非常非常非常非常好。很好很好很好很好，非常非常非常非常好。很好很好很好很好，非常非常非常非常好。,1607212598000,0,0,家庭亲子,
YoYo_2A7T2I4J,5.0,跟表姐还有男朋友一起来玩的，一进园先玩了三个特别刺激的，之后有点晕乎乎的。总之很愉快的一天。值得推荐，景色不错，有趣好玩，,1597372818000,0,0,朋友出游,
sweety1106,5.0,算还不错的一个游乐场，景区挺大的，成人和小孩都可以玩，一米二的小孩就不要想了，没有什么项目可以玩。里面有一个可以让小朋友玩球的地方，全部都是海洋球，把孩子放在里面也挺省心的,1658115586000,0,0,家庭亲子,
YoYo_7F3N3S2V,5.0,游乐场分几个区域，适合各个年龄段，与方特是同类型的综合型游乐场。国庆期间人也不算特别多，不用排队很久 最值得点赞的是，即使只有一个人也会开动机器，很人性化。总体感觉不错，值得推荐！,1633356127000,0,1,家庭亲子,
YoYo_4T6D4N1X,5.0,在南方的夏天还可以这么凉快的玩耍，太爽了。崽崽在里面都不愿意出来了。卡乐星球里面好玩的东西挺多的，以后还会带崽经常来玩。,1597831432000,0,2,,
YoYo_9L3X1L3N,5.0,春节假期期间有夜场，带着一家老小来走走逛逛玩玩，很不错的游玩地方，最最最重要的事，以前没有过期的年卡给我续上了，还赠送了一个月，太开心✧٩(ˊωˋ*)و✧,1708865088000,0,3,,湖南
YoYo_8Z7S6O3F,5.0,公园里面不仅好玩，而且拍照也好看，蓝白相间城堡为背景，分分钟就能拍出咔咔大片！夜场也非常nice，可以看打铁花  灯光五彩斑斓，迷人得很,1708927304000,0,1,,湖南
在等风也等你-,3.0,总体评价三星吧，当天好多游乐设施没有开，海岛船、过山车都没开放，造成趣味性不大，再者的室内项目基本上都是3d.4d的，玩一两个就不适合继续了，头容易晕，主题系列的游乐场系列，设计外观，游乐场里面还是很适合拍照，所以，如果说是想要体验极佳的游乐设施，一定要挑选好天气，提前询问好当天哪些不开放的设施，因为如果没有想玩的，就大可不必去了。,1647499775000,0,0,情侣夫妻,
YoYo_5U6P0K8W,5.0,常德新地标，不论是园区景色还是项目都是很赞的玩了一天硬是不知道累，园区太大了，来玩的朋友们一定要记得拿导览图，要不然真会迷路的。,1708923597000,0,0,,湖南
匿名用户,5.0,之前一直想带孩子来卡乐星球，这次遇到暑假最后阶段，又遇到票价打折，于是来玩了。大概游玩了5个小时，娱乐设施很多，惊险刺激，还有一些表演可看，完全能够值回票价，,1724648211000,0,0,家庭亲子,湖南
YoYo_2U4W0K1W,3.0,"孩子四岁，啥都不能玩，买的晚场，看看花车游行，结果他不喜欢，也没有见到最喜欢的恐龙出游。门口的车子值得租一个，两人的160，三人的200，车子没有安全带，刹车都让我儿子掉下去了。然后，并没有玩什么，都不让玩，连个碰碰车都不行，只能坐旋转木马。
买票后进去只需要排队玩的，但是有些需要花钱，比如去这里要买袜子，去那里要买引导棒……各种各样的
景色还是不错的",1626593029000,0,1,家庭亲子,
YoYo_4I9A0G2S,5.0,项目很多，限身高，1.2以下只能看咯，不过可以看其他表演之类的节目，人太多，天气太热，玩一个项目排好长的队，累，不过孩子们玩的蛮开心的。,1597677299000,0,2,家庭亲子,
如小主qr,4.0,性价比高，比起方特和迪士尼，票价便宜多了。位置就在柳叶湖的一个小岛上，项目和景色不错，非常满意。总体超赞，性价比高，景色不错，有趣好玩，,1620368874000,0,1,家庭亲子,
1987年的秋天,1.0,里面的游乐设施百分五十以上都没开，这也全票？搁这诈骗呢？该开的免费的没开，剩下大部分收费的给开着，说实话作为一个常德人，这应该作为常德的一张名片，但是就这种作法，要倒闭就赶紧倒，别把常德的脸丢尽了，你要设施都不开就早点说明情况，折扣票价，设施大部分关了还卖全票？吃相***难看，,1714206055000,0,1,家庭亲子,湖南
YoYo_8K6P1V9P,5.0,感觉园区好大，刺激项目不敢体验，还是被拖着坐了过山车、跳楼机，这两个我绝对不会再玩了，吓死我了。和盆友一起来玩的，感觉性价比还不错。建议大家还是晴天去玩，拍照超美[愉快][愉快][愉快],1587636359000,0,1,,
寻桥,5.0,"特别好玩 ，游玩项目非常多，工作人员们都非常热情仔细。
里面拍照特别好看 强烈推荐极速穿越和大摆锤两个项目！非常刺激！！！
总得来说游玩体验非常好！玩的特别开心…！👍👍👍👍👍👍",1587777135000,0,3,,
YoYo_2P4D6J7O,4.0,和方特差不多的类型，但体验没方特好。小孩子玩的很开心，4D电影都设置在卡乐小镇，几个电影看下来头都晕了，大闹天宫和神话挺好看的，就是时间太短了。冰雪王国玩了几分钟就出来了，实在太冷了。,1597133566000,0,0,家庭亲子,
YoYo_0E6R9B8A,5.0,"【景色】很美 尤其是天气好的夜景 很适合拍照 情侣打卡 出大片
【趣味】很多室内项目适合小朋友玩 最佳身高就是1米4以上最好",1708918909000,0,0,,湖南
YoYo_0D6H4Q3U,5.0,.里面游乐设施齐全，种类繁多，门票也不贵，场地很大，吃的也很多，举家出游的游客很多，交通便利。带小朋友去，小朋友玩得太开心了。,1708923442000,0,0,,湖南
M26****7886,5.0,像城堡一样，很适合拍照，里面的游乐设施也很好玩，一个下午玩了很多项目，像海盗船，逐日天梭，还有一个忘记叫什么了，很有趣，工作人员也很好，没有白来，赞一个。,1587776149000,0,0,,
YoYo_3H3P4E1H,5.0,很好玩，项目也挺多，尤其是跳楼机，和其他地方的不太一样，喜欢刺激项目的朋友一定要去体验，和株洲方特的体验感差不多，但是方特可能更有特色园内景观设置会更好一点，只玩项目卡乐星球体验感也很不错。,1622601853000,0,0,其他出游,
maomaomami,5.0,非常惊喜的乐园，比想象🤣中👌太多了吧，但夜场因为便宜人特别多，好多热门没玩到，不甘心，第二天又买了全天票来玩。建议直接买全天票，项目很多很好玩，总体超赞，有趣好玩，绝对值！,1603505548000,0,2,家庭亲子,
YoYo_6R8K9M4K,5.0,卡乐星球真的超级好玩，而且人很少不影响多刷几次。室外大型项目1.4以上就畅玩无阻了，三种过山车都很好玩。室内项目裸眼4D的也很精彩，不比方特和迪士尼差，差的就是原创的文化，纯玩的话非常好了。这个作为欢乐谷的升级确实精彩。互动和参与节目不够多，主要是人气不够吧。开园排队都没超过百来人。,1626153663000,0,0,家庭亲子,
YoYo_9I2V0M8D,5.0,有很多好玩刺激体验项目，迷旋，鬼屋，飞旋战车，也有很多适合小孩的项目碰碰车，旋转木马，360影院等等，门票也不贵，值得一玩。,1587720502000,0,0,,
Macro_726,5.0,非常棒，夜场玩的也多，还便宜，就是身高限得很si，没有1*2以上好多都玩不得，就是带小孩子去，自己也没时间玩那些刺激的项目，就玩了一个，挺刺激的，也好玩,1626909231000,0,0,朋友出游,
YoYo_0K2W2G6R,5.0,买的套票，价格还是挺划算的，但是不适合1.2米以下的孩子去玩，适合大一点的孩子去玩，里面我女儿最喜欢玩神话、大闹天宫、时光飞车这种项目非常刺激，视觉效果很好,1614047008000,0,0,家庭亲子,
亮小珍,2.0,其实环境很不错，有文化底蕴，不像有些纯游玩乐园。但是景区很多设施都在维护，暂停开放。同样带孩子在株洲方特玩过的项目在这里都不能玩，1米2以下的孩子整个园区除了旋转木马什么也玩不了，孩子笑着进园哭着出来。三大一小，600块，就坐了一个旋转木马，性价比确实不高。,1620212344000,0,0,家庭亲子,
那年的那些年,4.0,项目蛮多的但是还是有差不多七八个左右项目暂未开放其中就包括我心心念念的摩天轮，路上工作人员不多要想询问问题还是有点不足，里面的项目也是挺刺激的 推荐去烈焰飞龙 大闹天宫这两个地方,1662913587000,0,0,情侣夫妻,湖南
甄亦晨,5.0,园区在柳叶湖  环境非常不错  体验完项目之后办了张年卡 计划多来几次 更实惠些  玩的时候还遇到了电视台滴人采访 8错8错！！,1587779820000,0,0,,
YoYo_9H2I8R6V,5.0,对于此次游玩体验来说，我给满分，首先，项目体验很棒，而且公园的门头造型简直就是我的梦中情堡，希望看到评论的美女帅哥能获得跟我一样的快乐！🦋🦋🦋🦋🦋,1708741745000,0,0,,湖南
唐华,1.0,很多外包的额外收费项目，像进门的电动车，100元一小时，冰雪世界租脏的不行的棉衣，30元一件，基本处处***，总有一刀适合你,1633172524000,0,0,家庭亲子,
微陌,1.0,两个大人带三个小朋友，前半程差不多都在走，项目根本玩不了，身高不够，全部要1.4以上的，1.4以下的小伙伴直接去小镇就可以了，其他地方没有适合的，碰碰车都需要一个大人带一个小孩，另外一个小孩我估计要丢掉才行😂😂😂图片是唯独两个可以五人参与的项目，冰雪还是另外自费的，摩天轮和激流勇进的项目压根没开可玩性低，,1620178625000,0,0,家庭亲子,
施兰贝格艾伦,4.0,常德风景没得说，游乐园位置非常好，在柳叶湖边，风景美极了。有不少项目，非常好玩。只是园区电瓶车非常少，买了车票都没怎么做，要等半天。夏天又嗮又热。,1675548349000,0,0,家庭亲子,湖南
YoYo_6L8K9L7P,1.0,很多项目晚上六点就玩不了，像圣诞骑兵等没有暂停活动，这个200元票价真的很不值得，另外再携程网订了的票，明明写的是无条件可退，真的退的时候也拒绝了，这个国庆常德卡乐星球给我感觉太糟糕了，,1633428988000,0,0,家庭亲子,
如小主qr,4.0,带小孩过来玩的，小孩买的学生票，玩得超开心，比起方特和迪士尼，性价比高多了。地点就在柳叶湖的小岛上，柳叶湖的景色也是超赞！,1620368975000,0,0,家庭亲子,
YoYo_8J5K1B6E,5.0,挺刺激，好玩。总体超赞，有趣好玩，AR项目挺多的，很有意思的女娲那个故事，场景唯美，很有感觉，就是鬼屋吓人，没能进去玩，可惜了。景色不错，,1610256344000,0,0,朋友出游,
YoYo_9U9O3S9L,4.0,睌上好玩些！！NPc可以多一些，互动的这些节目也可以多一些，尽量每个项目都要经营吧，不然去的时候这个玩不了，那个玩不了，但是晚上真的很好玩,1752739698000,0,0,朋友出游,湖南
伍呜唔,5.0,很好玩儿！！！,1768944740000,0,0,朋友出游,重庆
匿名用户,2.0,环境很老旧了 感觉破破烂烂的 去的时候没什么人 很多项目都没开放,1756641683000,0,0,情侣夫妻,湖南
举个栗子oOO,5.0,"【景色】不得不说这个卡乐星球外观是我喜欢的蓝色，

以前每次开车经过就看到漂亮的城堡🏰

下高速看到常德之眼，🎡

终于等到开园了迫不及待来体验了
【趣味】

给大家出一个攻略：
1.一定要带相机📷，真的所到之处，卡乐小镇真的特别美，哪哪都是美景
2.看准天气出行，因为如果下雨，室外项目就玩不了了，不过室内项目也够玩一天了，室外留着下次来体验～
3.里面有个肉肠超级好吃～
4.购物性价比也很高，没有吓死人的价格哈哈哈
【性价比】Ａ＋++

希望卡乐尽快完善吧，作为酒店控，很期待
如果有酒店就更完美了，那就吃住行可以一条龙了。",1586076810000,0,4,,
YoYo_5N5Z3O3H,1.0,体验非常不好，有些刺激得项目还要收钱，没开门的都是下午场也没写清楚，千万别去，谁去谁后悔,1754378568000,0,1,家庭亲子,湖南
山野安安,5.0,"卡乐星球欢乐世界游乐设施丰富，刺激有趣。
 
有各种主题区域，适合不同人群。
 
是个游玩娱乐的好去处。
 
总的来说，很值得一去。",1734873507000,0,0,,湖南
Fᴏʀɢᴇᴛ .z,5.0,这个时候再来游玩，人就比较少了，基本上所有的项目都能玩到，里面的项目也是很精彩的，但是比较遗憾的是，去了两次都没有做到飞龙过山车，第一次是因为人多，第二次是因为那个在维修,1617770602000,0,1,情侣夫妻,
M3***34,4.0,限1米2的项目太多了基本上小孩子没什么玩的带孩子的就算了吧最后的打铁花还是不错的好看,1755661728000,0,0,家庭亲子,湖南
YoYo_9V4P4B0X,5.0,夜场很划算！基本不用排队，很多项目都玩了好几遍。夜场性价比真的高。希望夜场能多开一开哈哈哈哈,1629305324000,0,3,,
YoYo_8K6P1V9P,5.0,玩的项目蛮多，而且地儿也挺大，逛一圈感觉脚疼。感觉性价比还可以，暑假来玩很棒，应该水上的那个项目会开,1586092106000,0,3,,
瑜琳🍎,5.0,超级好玩，大人小孩都喜欢，十一点多进去玩到七点多才出来，所有的项目都玩了个遍，天气也很好，不热。票价很划算。,1746362352000,0,0,家庭亲子,湖南
YoYo_5D5Q0I9J,5.0,超喜欢时光飞车，太刺激了，视觉效果超级炫。不仅一票通玩，还有很多美食能满足我的胃。下次还来。。。。,1586175542000,0,4,,
Eilleen18,2.0,"项目开放时间有限，基本整点，而且同时间，根本玩不到什么～
园子很大，买了园内游览车，只坐了一次，不想再去～",1587044828000,0,1,,
匿名用户,1.0,体验感非常不好！！！第一，停车的地方离检票口非常远距离不合理，很不方便尤其是在炎热的夏天；第二游乐园里面的大部分设施都关了就算有些没关的也是有规定的时间，而不是到了就能玩；第三，整个游乐园基本没有工作人员，也没有售卖水和饮料的地方，有些贩卖机甚至被锁上了又没有工作人员售卖，真的感觉要被活活渴死；第四，天气炎热游乐园没有一个温馨提示有些哪些设施因为什么原因而玩不了，导致多次跑空，在炎热的夏天真的很容易中暑；第五，室外项目的工作人员全部都躲在工作间没有一个在外接待游客，想玩一个项目之前我还得花力气高声呼喊才有人出来接待，可以理解天气炎热进去休息，但是这不是自助游乐园请不要什么事情都让我们自己来好嘛？第六，可以理解乐园生意不好节省开支，但是天气如此炎热又是暑假期间，大家也是都花了钱过去玩的，不要舍不得开空调好嘛？就连最后的文创商店都没有空调，室内项目的空调也仅仅只是到了不热的程度。第七，整个园区指示牌不清晰，门口也没有地图，在里面很容易迷路；最后我想说的是希望乐园又所改善，我不希望下次再带我朋友过去给别人留下的印象还是真low,1752006440000,1,0,其他出游,湖南
云淡风轻沅江,4.0,服务态度很好，,1753019531000,0,1,朋友出游,黑龙江
YoYo_6M4T3W7I,5.0,非常值得去玩的，游乐设施也很齐全，适合朋友聚会一起去玩，特别吹爆3D设施超级刺激，视觉效果非常好，有很多的项目到晚上才结束，可以更好的玩完所有项目，非常nice，下次还回去的值得推荐，体验很好，有趣好玩，景色不错，,1597888106000,0,0,朋友出游,
YoYo_5C7B0P5U,5.0,哇撒！常德卡乐星球好耶！真滴好！居家旅行、周末休闲、泡妞表白成功率最高的地方！太神奇了！,1587635883000,0,4,,
YoYo_5H7W5S5E,5.0,终于打卡心心念念的卡乐星球了！绝美的拍照圣地！阳光下拍照超好看！,1587638174000,0,2,,
YoYo_0M5K5D7B,5.0,常德自己家门口的游乐场，小家伙开心坏了，都不肯回家，刺激，好玩,1586071361000,0,3,,
YoYo_8R8R0A2T,5.0,非常值得推荐，炒鸡好玩，炒鸡刺激，环境非常好，适合情侣游玩。,1586063529000,0,3,,
YoYo_2O5Y0P5O,5.0,最喜欢这个过山车了，心形的！刺激，拍照也好看！,1586086717000,0,5,,
海科融通,5.0,非常值得一玩的地方，话不多说快去体验吧,1586070711000,0,3,,
YoYo_9A2K4T5U,5.0,常德卡乐星球欢乐世界位于常德市柳叶湖旅游度假区梦幻桃花岛，它将新颖的娱乐项目与国内先进的VR、AR等高科技技术相结合，引入热门互联网文化，为游客打造新奇的互动式体验------惊险刺激，富有童趣，风光无限，极致体验！,1674054987000,0,0,,河南
YoYo_5O6Z1W9E,5.0,姐妹们，蛮不错的体验，值得去玩，建议吃的东西自己带过去比较好，有点小贵哦,1633192555000,0,3,,
YoYo_8J0I8R7M,5.0,又一次来到卡乐星球游玩，正好赶上一个小伙子求婚，鲜花戒指💍单膝跪地太美好了吧，羡慕。正好那天天气也好，一群帅哥美女跳着舞，被求婚的女孩一脸懵的被邀请上游览车，看到她男朋友出现的时候惊讶表情绝没有彩排，太可了！,1592535998000,0,2,,
YoYo_5A3W6G9L,5.0,"又是一常德必打卡的地方 山好水好风景好。童话般的世界 适合情侣过来 🤙🤙🤙
【趣味】
【景色】",1587785151000,0,1,,
YoYo_8A8W6Z2Q,5.0,演出很有激情，游玩项目很多很刺激，目前没有优惠这个值得吐槽，其他都很棒，值得带孩子或者情侣过来休闲娱乐,1587635637000,0,1,,
YoYo_0V6I7C0M,5.0,带着小朋友可以玩一整天还不想走～5d电影真的看到饱，极速飞机墙裂推荐，大环境是实体的，体验感好棒！,1613914883000,0,2,家庭亲子,
chenxuan,5.0,六刷卡乐星球，离家近，孩子喜欢。买票方便快捷，出行就用携程。,1776823831000,0,0,家庭亲子,湖南
YoYo_6I3P4J6X,5.0,常德卡乐星球真棒！有让你发泄的尖叫声，也有童话般的美好世界，这绝对是个体验游玩的好城堡,1587649516000,0,2,,
chenxuan,5.0,六刷卡乐星球，离家近孩子喜欢。买票方便快捷，出行就用携程。,1776823857000,0,0,家庭亲子,湖南
YoYo_6A6U6J8Q,5.0,喜欢他家的室内项目，视觉效果非常好👍，项目还蛮多滴,1587636564000,0,2,,
YoYo_3J6A0G1Y,5.0,"景色怡然
项目灰常刺激有趣
还有各种各样的网红美食
赞！",1587722528000,0,1,,
YoYo_6A3O5L2Q,5.0,好玩好玩强力推荐！我们买的夜场票，从下午5点玩到9点半还舍不得离开，1.4米以上的孩子项目都可以玩，奇幻博物馆，过山车，激流勇进，冰雪王国等等都好玩,1597374278000,0,3,,
YoYo_9E1H2L0Y,5.0,常德第一好玩的地方，下次还来，里面的游玩设施项目很多，经典个性美食让你回味无穷。,1587639327000,0,1,,
YoYo_9P3U3U9Q,5.0,"环境很不错，真的也挺好玩的，极度穿越很刺激坐了四次吧
园区的凉面很好吃吃了还想吃",1587777852000,0,1,,
YoYo_0W4S5H4I,5.0,很好玩，常德本地又多了一个好玩的地方，周末带女朋友玩一天刚好。,1586048888000,0,3,,
黑白闪电侠,3.0,完全不适合亲子游，98%以上小朋友不能玩，全部限高1米2，介绍的时候为什么一点简介看不到限高1.2米，大夏天的，浪费一天不说，还会晒死！！！还什么都玩不了，就玩了两把旋转木马，两张票！！性价比极其高！！碰碰车都玩不了！！可玩性低，性价比低，体验不佳，什么都不说了，真不适合亲子游，慎行！！！,1596808731000,0,1,家庭亲子,
sweety1106,5.0,里面还是挺好玩的，从大门进去左手边适合五岁以下的孩子右手边都是比较刺激的游乐项目峡谷非洲过山车一类一米二以上的大孩子或者成年人玩我们夜场进去的大概都转了一圈。,1598760651000,0,0,家庭亲子,
大大大懵,4.0,地方挺大，适合玩玩刺激项目，里面表演就不咋样了，太小的孩子不适合去，就只能看看走走，玩个旋转木马，卫生环境挺好，景区完全没蚊子点个赞,1626781197000,0,1,家庭亲子,
YoYo_6I3P4J6X,5.0,卡乐星球一票通玩，项目也挺多的，好玩、刺激。下午肚子饿了就找了一个吃汉堡薯条的积木餐厅，走进去给人感觉还不错哦！装修挺特别的，美食价格也还合理，最主要服务态度还很热情！,1591626855000,0,0,,
YoYo_6H4Q0I8U,5.0,非常棒的游乐园，刺激，室内高科技项目，如身临其境，非常逼真，值得体验，一票通，还有许多表演，网红西施妹妹，非洲欧洲都有，快乐的一次旅游,1587723230000,0,0,,
YoYo_9X2T8F1W,5.0,投资巨大，室内活动基本是3D影院，科技感很强，也很有创意，园区景观设计值得推荐，有趣好玩，体验很好，景色不错，新颖别致，即使散步也是享受。因为下雨，室外活动停开，室外体验遗憾错过。,1601802779000,0,0,家庭亲子,
320****237,3.0,5点关的下午4:45就开始不接待，过山车经常性的不开放，感觉越来越没意思了有待改进，可玩性低，性价比低，,1617278110000,0,2,家庭亲子,
YoYo_8G0C1V2Q,5.0,园内环境好，湖边空气也挺好，项目都是结合高科技，有趣，新奇，好玩，服务人员也特别的热情友好，值得去体验哦,1587705038000,0,0,,
粥鱼饭饭,5.0,无话可说就是很开心～玩的超级爽！！！快快快强烈推荐～带上你的朋友们快快一起刷常德这个游乐场吧～,1588238606000,0,0,,
YoYo_1X5Y9N0E,5.0,打卡常德网红点之一的卡乐星球，跟我以前去过的游乐园不一样。恐高的我，还是有很多项目能玩的。🌈🌈🌈,1587723068000,0,1,,
chenxuan,5.0,买票方便快捷，出行就用携程。,1776823774000,0,0,家庭亲子,湖南
🚀轩哥,5.0,游玩体验感很好，小朋友玩的不亦乐乎。很开心的五一假期。,1747242504000,0,0,朋友出游,贵州
YoYo_6N7H9B3E,5.0,在水世界旁边，玩的还是很多的，室内的满满高科技，过山车太刺激，不敢玩，还有西施小姐姐，超级漂亮！,1587693989000,0,1,,
YoYo_3D7Y5Y3R,5.0,"放假时候去的，好玩，里面项目也蛮多，家里小孩也可以一起去玩，关键拍照也好看色彩很少女心
【景色】",1587690824000,0,1,,
YoYo_6E0F9A2S,5.0,非常棒，超级好玩，还有花灯。还有免费吃的。,1771410763000,0,0,陪同父母,湖南
YoYo_0W4S5H4I,5.0,大常德走起！#常德卡乐星球，有你木有在里边吗，奥利给,1591432080000,0,1,,
彭穎,5.0,性价比高，总体来说是可以的 特意选的五一前出游 避开人流 多玩了很多项目喜欢的都可以重复玩不用排队 除了跳楼机时间太短没有体验感 其他都很好。,1619875595000,0,0,朋友出游,
YoYo_3J5V7S6F,5.0,太好玩了，小孩到里面玩得都不想出来  下次还来,1651991589000,0,0,,
YoYo_0M1J0G4E,5.0,真的好玩，用那句话，不去后悔，去了也后悔，因为去迟了😁,1596046247000,0,1,,
小小丫头片子11,1.0,门票价200，偏贵，里面百分之八十都是室内的3D体验项目，室外很多项目没有开放，而且有些项目要额外收费，玩个冲浪的还要25块钱一位租雨衣，还不允许自己外带，很不能理解，门票价在那里不应该里面所有项目都包含吗？带小朋友去的话简直是浪费钱，大人去的如果喜欢3D的可以去看，想玩室外的，还不如去那种项目单独收费的，总之不值得！从此拉黑！！再不会去了！！！,1631574794000,0,0,朋友出游,
YoYo_2C3J3R5S,5.0,"特别喜欢看里面西施表演,园区景点也不错挺适合拍照.",1587634907000,0,1,,
匿名用户,1.0,垃圾，好多项目没开，体验感极差，转圈的项目多，头晕，含水项目还需要强制消费雨衣，自己带的不可以用，收费项目很多,1759645708000,0,0,朋友出游,湖南
匿名用户,1.0,垃圾，好多项目没开，体验感极差，转圈的项目多，头晕，含水项目还需要强制消费雨衣，自己带的不可以用，收费项目很多,1759645693000,0,0,朋友出游,湖南
姓刘ᥬᥬ[耶]᭄᭄不忘娟,5.0,非常不错哦 风景宜人 项目很刺激 太开心了,1709523812000,0,1,,湖南
YoYo_8C7T4J0S,5.0,可住咯哇路走里哇有早洗哇有早洗哇有找有早洗哇这了走里走里咯啦咯啦咯啦咯啦咯啦咯啦咯哇路走里哇有早洗哇有早洗哇有找有早洗哇真转可可住咯哇路走里哇有早洗哇有早洗哇有找有早洗哇这了走里走里咯啦咯啦咯啦咯啦咯啦咯啦咯哇路走里哇有早洗哇有早洗哇有找有早洗哇真转可住咯哇路走里哇有早洗哇有早洗哇有找有早洗哇这了走里走里咯啦咯啦咯啦咯啦咯啦咯啦咯哇路走里哇有早洗哇有早洗哇有找有早洗哇真转住咯哇路走里哇有早洗哇有早洗哇有找有早洗哇这了走里走里咯啦咯啦咯啦咯啦咯啦咯啦咯哇路走里哇有早洗哇有早洗哇有找有早洗哇真转,1631443859000,0,2,家庭亲子,
芙芙呀~,5.0,超级划算，超级好玩,1589379895000,0,0,其他出游,
EvilAngel灬,4.0,卡乐星球整体还行，600多亩的建设规模还不错，但是可玩性不高，项目雷同较为严重，都是差不多的体验馆，所以还有待提升项目的可玩性,1602165534000,0,0,家庭亲子,
YoYo_0H3M4A9Q,5.0,总体来说还可以,1599191635000,0,1,情侣夫妻,
闹-药,5.0,人很少，游乐设施很多，基本每个项目都玩了一遍，都不用怎么排队，超值！虽然人少，但是服务不打折，基本没有维修停用的设备，表演项目演员也很敬业！,1620139154000,0,1,家庭亲子,
比利德山,3.0,卡乐星球设施老化了，很多项目都没有开放，不值得,1765930789000,0,0,家庭亲子,湖南
格格拉许,5.0,"“记录：卡乐星球”🏰 
每玩完一个项目，工作人员就会说一句：“请将快乐带到下一站~”
玩的晚场，性价比很高。",1598488972000,0,0,,
hansyuan,5.0,总体还不错，玩得夜场，白天太热了，开场表演也不错，陪小孩看了主要的几个场景，适合各年龄段的小朋友,1663090187000,0,2,家庭亲子,湖南
YoYo_9L3X1L3N,5.0,去玩啦啦啦啦，꒰◍•̤ु௰•̤ु꒱.๐♡.๐很开心٩(๑^o^๑)۶,1709555623000,0,1,,湖南
YoYo_4E9E7R8W,5.0,环境不错，服务到位。刺激的过山车检修，最想坐的摩天轮也没开。失望呀。门票200总体超赞，,1604048252000,0,1,情侣夫妻,
粥鱼饭饭,5.0,游乐场颜色搭配超级棒，看着心情就很nice，而且去的时候基本都不用怎么排队，玩的满足～,1588238205000,0,0,,
我爱可清湘骏,5.0,夜场票很实惠，周三去的根本不用排队，玩了很多项目，适合亲子游，比方特性价比高。,1660359026000,0,0,家庭亲子,湖南
甜多多1980,2.0,园区内有很多项目游戏都没有开放，而且既然没这些项目，那个门票是不是应该做相应的打折处理？性价比低，可玩性低，有待改进，,1620610302000,0,1,家庭亲子,
甜多多1980,2.0,园区内有很多项目游戏都没有开放，而且既然没这些项目，那个门票是不是应该做相应的打折处理？性价比低，可玩性低，有待改进，,1620610276000,0,1,家庭亲子,
YoYo_5P2Q6O9C,5.0,常德卡乐星球园区景色优美、值得游玩，项目刺激好玩,1710141133000,0,1,,湖南
YoYo_5D4E7A3S,3.0,1.2以下的孩子不要来，什么都玩不了，玩的成都要变相收费，我们7个人，租了个车，感觉就是逛逛，人也少，很多项目也没开,1626060172000,0,1,家庭亲子,
匿名用户,5.0,带小孩一家人主要挺不错,1771418868000,0,0,家庭亲子,湖南
Wonjin,5.0,挺好玩的 那个时光飞车和大闹天宫孩子很喜欢  很震撼 神话真的就是排队一小时 体验三分钟 玩的项目很多 很超值总体超赞，性价比高，有趣好玩，,1620179847000,0,0,家庭亲子,
chenxuan,5.0,亲子出游，虽然天气很热，但是小朋友玩得特别开心，值了。园区较大，如果带孩子，建议进去就租车，把行李寄存，省去很多麻烦。,1722183521000,0,0,家庭亲子,湖南
YoYo_3I0M8B3D,5.0,园区一票制，到了里面游玩不用再收费，想玩几次都行，真不错，风景也很好，拍了很多的美照，真开心,1709530491000,0,1,,湖南
YoYo_5B1N7B2K,5.0,常德卡乐星球，非常好玩，值得一游，项目超多，老少都可以玩,1710135515000,0,0,,湖南
YoYo_9L3X1L3N,5.0,好开心，好刺激，带上闺蜜一起嗨！,1587722100000,0,1,,
YoYo_5S3R9J6V,3.0,"可玩性低，很多项目都不可以玩，没有开放。
很多项目都是二次消费，体验感一般般，不会再来。",1613668109000,0,1,朋友出游,
YoYo_8N8F5P1P,5.0,"玩的项目很多，很刺激，很有趣。
景色也很美，可以和朋友一起来拍照。
是一个游玩的好地方。",1587724842000,0,0,,
YoYo_6Y7H2K8M,5.0,卡乐小镇童话般的世界，适合小朋友过来玩，每个项目都值得体验，园区的工作人员很热情。,1587723616000,0,1,,
YoYo_8D3A7I6T,1.0,最差的一次游乐园体验 看似票价做活动 实际一半的项目不开放 也不知道玩什么 自己带的雨衣不让用 必须租他们的 或者可以选择不穿 一步一个坑 太差了,1723710233000,0,0,家庭亲子,湖南
YoYo_8C7T4J0S,5.0,总体超赞，景色不错，有趣好玩，性价比高，可住咯哇路在落雨啦咯啦咯啦咯啦,1615987563000,0,1,情侣夫妻,
海之歌yao,5.0,工作日带孩子玩，不用排队，玩的非常开心，很喜欢，就是大热天有点晒。,1627716107000,0,1,家庭亲子,
YoYo_5I1C4Z1N,5.0,值得一去，乐园分成几个部分，大人孩子都有玩得，非常棒！期待下次再去,1613269214000,0,1,家庭亲子,
蜡笔小新a123,5.0,活动买的，可惜没时间去，可惜了，听朋友说挺好玩的，还是会打算去玩玩,1613044319000,0,1,家庭亲子,
YoYo_3A3L4S7V,5.0,常德卡乐星球是情侣，亲子出游的好去处。,1587705112000,0,0,,
YoYo_6E0F9A2S,5.0,非常赞，还有吃的。,1771410870000,0,0,家庭亲子,湖南
YoYo_0D4M1D5W,5.0,拍照打卡圣地！园区有三个过山车 都超刺激 不开心乐一定要来尖叫！对医护人员全年都是免票噢！里面的表演也很精彩,1587798944000,0,0,,
YoYo_9P3R3H3T,5.0,尖峰时刻失重感太强了，超级好玩,1708930646000,0,0,,湖南
女明星🇨🇳,5.0,景色不错，有趣好玩，体验很好，,1597420966000,0,0,家庭亲子,
YoYo_5S3U0P6Q,5.0,卡乐星球园区景色得美，有好多好玩有趣的项目可以体验。里面有几个不同主题的区域很适合情侣们游玩拍照。,1708665755000,0,0,,湖南
YoYo_9I2V0M8D,5.0,【景色】有特色，各种coseplay都有合适的场景拍照,1710061133000,0,0,,湖南
如小主qr,4.0,一行9人有一个低于150的小学生，玩得很开心。特别是冰雪世界，出来脸和手冻得通红，还是说很好玩。,1620310703000,0,0,家庭亲子,
YoYo_7I3I9Z3H,5.0,景色美，项目多，服务好，一票制，今天挑战了一下自己，太刺激了，小孩很喜欢童话王国，说要天天来。,1587779456000,0,0,,
Skilly3674,5.0,体验很好，有趣好玩，景色不错，玩的晚场，值得推荐！,1597247422000,0,0,家庭亲子,
hong123,5.0,卡乐星球是个值得打卡的地方，风景美，票窗的小姐姐服务态度也很好。等项目全部开放后还要去玩。,1708830611000,0,0,,湖南
YoYo_8S7K7R8F,5.0,带小孩子来玩的，小朋友很喜欢，还专门办了年卡，小朋友特别喜欢疯狂魔术师项目，循环玩了6遍,1587714812000,0,0,,
YoYo_5S3U0P6Q,5.0,卡乐星球欢乐世界真的很有趣味，家人和小孩都很喜欢玩，风景真的好美哦！特色小吃也好丰富。,1709554193000,0,0,,湖南
YoYo_2K3Y8R8Z,5.0,在常德有这么好的游乐园实在是太幸福了！工作人员都很有亲和力，园区内设施也很棒！赞赞赞～,1587721417000,0,0,,
若林若木,5.0,很可惜今年停业了,1682989001000,0,2,家庭亲子,湖南
YoYo_9L3Y4A7X,5.0,卡乐星球终于开园了，孩子非常喜欢。年卡也给延期了，年卡中心的小姐姐态度非常好。,1708824903000,0,0,,湖南
范砻浏,5.0,【景色】主题乐园挺不错的，适合带孩子去,1621419327000,0,1,,
YoYo_4T3E4O4G,1.0,10点开园，但是几乎所有项目都是12点以后开放，还有一部分干脆就没开放，收了门票里面还有很多收费项目，收费项目出钱随时可以玩，免费项目人为设置长时间间隔场次，明明10分钟一次的项目非要1小时间隔1场，各个项目时间乱七八糟根本玩不好，激流勇进不让用自带的雨衣，可以不穿，穿就必须租他们的，总之玩下来感觉非常差，计划玩5个小时左右的，玩了俩小时，三个项目就走了，另外设施也有些陈旧，非常不推荐到这里玩。,1723725683000,0,0,家庭亲子,湖北
匿名用户,2.0,旅行那么多年第一个纯差评，清明长假第一天，就开放了9个项目，进去之后基本全是单独收费的项目。稍微大一点的项目都是暂停服务的。景区指示不清楚，整个就是一副明天就要倒闭的样子，完全没有游乐场的氛围。,1743905417000,0,0,家庭亲子,湖南
YoYo_2U3D1M0D,5.0,好玩，项目多，工作人员热情！服务好！,1587635999000,0,1,,
YoYo_9Q0H9N2J,3.0,游乐器材挺多的，不过可能因为游园人数不多，有不少器材都是停机状态，问工作人员回答都是在维修，问何时可以好，都回答不上，可玩性低，体验不佳，,1599844417000,0,0,朋友出游,
YoYo_2J9P7R9K,5.0,不错！玩的很开心(ꄱੈˍꄱੈ),1709523426000,0,0,,湖南
微陌,1.0,适合一个大人带一个1.4以上的小朋友游玩😂😂家里有两个宝宝的，特别是年龄差距较大的，不建议去，当然，如果只是散个步看个风景就随意，1.2以下的小朋友基本没有可以玩的，如果一定去的话，进门左手边，小镇，其他的地方1.2以下完全不用去，只能走路和看装修,1620179317000,0,0,家庭亲子,
YoYo_4H1D6L4O,4.0,好玩哦，玩了一整天，项目基本上都玩了，也没怎么排队，,1598620900000,0,0,其他出游,
YoYo_5T4S2O7X,5.0,还好，晚上去也不错性价比高，,1603475286000,0,0,家庭亲子,
YoYo_1L6C3U5K,5.0,"项目多，环境好！适合情侣或者闺蜜一起来～～
超棒！！",1587694774000,0,0,,
YoYo_9Q0H9N2J,3.0,游乐器材挺多的，不过可能因为游园人数不多，有不少器材都是停机状态，问工作人员回答都是在维修，问何时可以好，都回答不上，性价比低，体验不佳，可玩性低，,1599844449000,0,0,朋友出游,
YoYo_8S6I6H9T,5.0,价格优惠，项目多，服务态度好，值得一游！,1708943528000,0,0,,湖南
乘车吧,4.0,值得体验嘞,1632564462000,0,0,朋友出游,
雪舞2016,1.0,很差的体验，买了门票进去还有多个收费项目，激流勇进不允许穿自带雨衣，可以不穿雨衣，要穿就得租他们的，1米2以下因免费入园基本上没有让玩的，不值得去,1723731349000,0,0,家庭亲子,湖北
保暖仔仔娟,5.0,设施设备一流，有趣好玩，个人认为超香港迪士尼。工作人员热情友善。但是很多项目限高，1.2以下有很多不能玩。体验很好，有趣好玩，值得推荐，,1595427912000,0,0,家庭亲子,
比利德山,4.0,很多项目都在维护中,1765930876000,0,0,家庭亲子,湖南
别惹小悦.,5.0,烟花很好看！！,1651718131000,0,2,朋友出游,
YoYo_8W9G8L4S,2.0,夜场很美，取票时由于工作人员业务不熟悉，导致来来回回跑了很多次，一下自动取票机，一下窗口取票，甚至有些工作人员说不知道，态度也差，跑了一圈才知道网购二维码直接扫码就可以了！3月份虽然开放项目少，但是热情度和态度真的好！冰雪王国自己有保暖衣服也不让进，这不是硬生生的逼着租吗？再好玩也不想去了！,1597447115000,0,0,,
津城大飞哥,5.0,带孩子玩挺好的,1588489428000,0,0,,
津城大飞哥,5.0,带孩子玩挺好的,1588489398000,0,0,,
YoYo_6V1D9A3M,4.0,好多没开。。,1650244732000,0,1,朋友出游,
Baby大仙女,5.0,玩得很开心,1774434037000,1,0,其他出游,湖南
超人,3.0,性价比不高,1660951950000,0,1,家庭亲子,浙江
闹-药,5.0,人非常少，每个项目都不用排队，玩了差不多一天，所有的项目都还没玩完！虽然人少，但是服务不打折，基本没有维修停用的项目和设备！,1620139694000,0,0,家庭亲子,
YoYo_4K0Y3L7J,3.0,小朋友玩的项目太少了，很多1米以上的小朋友可以玩的，但是都限制了，可能是没收门票吧，基本都是要达到1.2米的小朋友才可以玩,1598242373000,0,0,家庭亲子,
剑舞琴歌,5.0,感觉太好玩了，就是那些刺激的有点受不了，有一个摩托车向四周飞舞的，下来我都吐了。卡乐小镇特别好玩，畅游太空、疯狂巴士，奇幻博物馆等等，太好玩了，下次带小孩再来，。卡乐星球，一个能让人年轻20岁的地方，强烈推荐,1599732778000,0,0,家庭亲子,
达达赛,4.0,挺大的，里面的设施不算太高档，当然价格也不贵，高配版的市民公园，低配版的迪士尼，色调有点怪，好玩的不多，但是性价比高，小孩去一次公园也要两三百，在这里办年卡划算多了,1614160474000,0,0,家庭亲子,
津城大飞哥,5.0,带孩子玩挺好的,1588489349000,0,0,,
YoYo_8H5N1D5C,5.0,"做为一个年轻人，平时去过的游乐场还比较多，但像卡乐星球这样有特色的地方还是第一次玩，东西不错，服务也蛮好的，点赞。
【景色】
【趣味】
【性价比】",1587722914000,0,0,,
嘉坨,4.0,还不错！就是太热了太晒了项目都挺刺激的 过山车我不敢坐哈哈哈哈哈海盗船蛮好玩的虽然我一直在叫哈哈哈哈哈景区内的食物也挺贵的 建议各位在外吃了饭再来噢！,1619918344000,0,0,其他出游,
YoYo_7J1W9F5B,5.0,还不错，就是票价浮动太频繁,1755818206000,0,0,家庭亲子,河南
YoYo_3J3C7J0U,1.0,最失败的游玩，啥都没有，玩晚场的就是来散步的，孩子们都气哭了，没有服务，没有引导，就散散步而已，花了几百大元，不如去吃一餐。,1633257438000,0,0,,
YoYo_5E1M3P5D,1.0,没有比这里更差的体验！期待这个骗人的游乐场尽快关门。晚场进来以后想玩的一个项目过山车、激流勇进都没有，全部关门了，干脆自己也关门最好。,1633255783000,0,0,家庭亲子,
会跳跃的鱼0,5.0,这天气玩卡乐星球就是好，景色真好呀，你们一定要来呀，我们在就在这里等你哦，你们还不来嘛，这里什么都好呀，票价还很便宜哦。,1710141682000,0,0,,湖南
欢乐行,4.0,卡乐星球乐园景色不错，在柳叶湖边，湖光山色很美，里面的项目很好玩，一点小惊险，游玩开心减压，孩子也能玩，玩得很开心🥳,1597887006000,0,0,家庭亲子,
YoYo_2N5L7Y3U,5.0,非常好玩，小朋友很喜欢,1730629142000,0,0,家庭亲子,湖南
YoYo_2G1H5C9K,3.0,体验感一般，很多项目没开放还收全价门票，还有一些项目有二次消费，很不合理，比如那个魔镜迷宫里面又热又闷，进出一共五六分钟，我们四个人收了95元，太坑了！,1620047202000,0,0,家庭亲子,
YoYo_0O6S1Z2O,5.0,景区环境优美，适合散步和放松身心。景区设施完善，服务周到，适合全家人一起游玩。服务人员专业，能够解答各方面的疑惑。,1708860196000,0,0,,湖南
YoYo_6U5W4E3I,5.0,常德卡乐星球真的挺好玩，和朋友一起玩体验更佳，童话王国能体验童年的乐趣，卡乐小镇能买买买，欢乐世界能带够渡化你,1587776265000,0,0,,
YoYo_0X8D4F3D,5.0,去了期待已久的卡乐，建筑外观很新颖，游玩项目很多！大摆锤很刺激，现在游客不是很多，可以随心玩！会再来的！,1587726745000,0,0,,
YoYo_9K7H4E8H,5.0,游乐项目真的很赞，主要是价格优惠，喜欢的项目反反复复玩了几次，景色也很美，过年的时候去的，拍照绝了,1708918771000,0,0,,湖南
YoYo_6M3W5P9B,5.0,对比方特一个5D项目就要排队两小时，一天都在赶场都玩不玩，卡乐星球还是体验比较好地，又好看又刺激,1710139897000,0,0,,湖南
SUPERCRAZY23,5.0,很好玩的 建议从左边开始玩 还是很刺激的 建议去玩一玩 很不错的有趣好玩，值得推荐，体验很好，景色不错，,1595841294000,0,0,情侣夫妻,
YoYo_9I2V0M8D,5.0,景色比较有特色，就算不玩项目当公园逛也是相当不错的 ，拍照出片，游玩项目比较丰富，各年龄层都有。,1708931916000,0,0,,湖南
YoYo_7S7Z3P3J,5.0,"【景色】恍如置身仙境
【趣味】刺激嗓子都喊哑了
【性价比】200元玩全园太实惠了😁😁😁😁",1587727533000,0,0,,
海之歌yao,5.0,小孩子很喜欢，景色非常的漂亮，项目也非常的好玩，非节假日人不多，喜欢的项目玩了好几次,1627201515000,0,1,家庭亲子,
慢热小猪,5.0,"打卡家门口的旅游好地方：常德卡乐星球
【趣味】玩了超多项目哈哈，废话不多说快上车！",1587725136000,0,0,,
YoYo_0O6S1Z2O,5.0,游乐项目真的很赞，主要是价格优惠，反反复复玩好多次反正一票制，打卡拍照绝了哦！,1710212347000,0,0,,湖南
YoYo_6C1D5V8W,1.0,**地方，六个观影项目，只开放了一个，骗门票的，向工作人员投诉，也不说明情况。,1659147827000,0,0,家庭亲子,湖南
蘭花草丫丫,1.0,里面的游乐项目还行，就是太少了点！只是不愧是常德场所，存在欺诈现象！项目时间也不很准时！老人或小孩不能玩的项目也不及时提醒，排很长时间队了以后，才说不能玩！唉😔，几百块钱不太值！希望会有所改进！可玩性低，性价比低，体验不佳，景色一般，,1597993645000,0,2,家庭亲子,
YoYo_1Z0I1G4Q,5.0,项目挺多的，项目影片播放视觉效果不错，一天玩下来收货满满，到处都是优美的风景,1708919690000,0,0,,湖南
十六子,5.0,挺棒的，常德新开的游乐场，环境也比较不错，服务也挺好，集妹们，可以安排上了。,1587776313000,0,0,,
YoYo_2T6H0X0B,5.0,和女儿来常德卡乐星球打卡的一天，即惊险又刺激，好玩又好看，非常开❤️非常棒。,1587733350000,0,0,,
YoYo_8D9X9L7P,5.0,可以，娱乐设施很多，户外的不敢玩还可以体验室内的。赞👍景色不错，值得推荐，,1598516641000,0,0,朋友出游,
入川2,5.0,总体超赞，性价比高，有趣好玩，景色不错，主要是去得当天人不多，基本玩了个遍,1609665357000,0,0,家庭亲子,
YoYo_2W8N3R3L,5.0,恐龙是小朋友的快乐世界，玩的宝贝都舍不得回家，等周末了我们又带宝贝来玩。,1708921855000,0,0,,湖南
EvaLavigne,5.0,项目比较刺激，更适合有一定身体基础的人，不然玩不出感觉,1743847332000,0,0,朋友出游,湖北
YoYo_0I6J8R5C,5.0,好玩 推荐 年轻人的天堂👍👍👍👍👍👍👍👍👍👍👍👍,1709552788000,0,0,,湖南
千百度112,5.0,我非常的喜欢卡乐星球🌍，我以前就期待已久，终于来了，爱你，比心💗,1587784059000,0,0,,
chinalontn,5.0,天气不冷不热，抓了个节日的尾巴，人流不多，该玩的都玩了。总体超赞，,1620381530000,0,2,家庭亲子,
YoYo_7V9R4A7T,5.0,买票进来后所有的项目都是免费的！项目差不多都玩了！好玩，好美……,1587777355000,0,0,,
铭,4.0,项目都很刺激，有些没有胆量玩，4D电影不错，刚好七夕节，还有表演,1659780148000,0,0,家庭亲子,湖南
YoYo_1I2E3M3K,5.0,给我们家小孩办了年卡，玩的非常开心这以后周末节假日有地方去了！,1708921040000,0,0,,湖南
YoYo_5P6T0V0M,5.0,和我的小伙伴们一起去的。好多帅哥靓妹。。。晚上去特别热闹。好玩,1597848700000,0,0,,
YoYo_8J0I8R7M,5.0,好玩好玩，尤其是夜场，里面很好看，还有免费的表演可以看，很嗨！,1596442192000,0,0,,
YoYo_0T5T6V9T,5.0,景色优美，工作人员服务热情，项目游玩刺激，是休闲娱乐的好地方,1709537355000,0,0,,湖南
YoYo_4T4H9B3C,5.0,环境优美  接待人员很热情   游乐设施也挺齐全的  有时间还会去玩的,1587776168000,0,1,,
rochan19,5.0,景色不错，体验很好，值得推荐，有趣好玩，适合全家亲子游。,1600577541000,0,0,家庭亲子,
YoYo_5U6P0K8W,5.0,常德唯一一座大型主题乐园，项目精彩刺激，有机会再来打卡,1710140563000,0,0,,湖南
YoYo_0E6R9B8A,5.0,风景优美 适合带1.2米以上小朋友过来 室内基本上可以玩,1709698506000,0,0,,湖南
铭,5.0,很不错，孩子很喜欢，特别是卡乐小镇里面的项目，非常棒,1598863027000,0,1,,
YoYo_4Q0N5Q6B,5.0,音乐贼好听，歌手贼漂亮，项目贼刺激，门票性价比贼高！,1587718527000,0,0,,
YoYo_9T7N2B3L,5.0,非常值得推荐，超级好玩，环境非常好，适合情侣游玩。,1587712230000,0,1,,
_W***44,5.0,值得游玩嘻嘻，当天去的天气太好了，回来看都黑了一圈,1588694468000,0,0,,
YoYo_0T5T6V9T,5.0,昨天去了常德卡乐星球，景色优美，工作人员热情服务,1710129108000,0,0,,湖南
此夜醉相思,5.0,值得一去景色不错，有趣好玩，总体超赞，性价比高，,1613623242000,0,0,家庭亲子,
YoYo_8N4H9E6U,5.0,景区很大项目多。工作人员很热情服务态度很好。,1587708551000,0,0,,
此夜醉相思,5.0,有趣好玩，景色不错，性价比高，总体超赞，,1613623281000,0,0,情侣夫妻,
YoYo_1R5T1W5S,5.0,体验很好，有趣好玩，值得推荐，景色不错，,1601770950000,0,0,家庭亲子,
YoYo_1Y7Y8W9T,5.0,强烈安利神话、奇幻博物馆、西施等项目。,1709696671000,0,0,,湖南
YoYo_6Z0C5Q3P,5.0,游玩项目多，票价超级优惠，值得游玩打卡,1709692738000,0,0,,湖南
YoYo_2W8N3R3L,5.0,价格优惠，工作人员讲解项目也很详细。,1709693873000,0,0,,湖南
YoYo_2V7V1Q8C,5.0,夜场票价的性价比真高，项目体验感极好,1708932464000,0,0,,湖南
匿名用户,5.0,总体不错，人不多！,1753370143000,0,0,家庭亲子,湖南
YoYo_8C7T4J0S,5.0,可住咯哇路走里哇有早洗哇有早洗哇有找有早洗哇这了走里走里咯啦咯啦咯啦咯啦咯啦咯啦咯哇路走里哇有早洗哇有早洗哇有找有早洗哇真转可可住咯哇路走里哇有早洗哇有早洗哇有找有早洗哇这了走里走里咯啦咯啦咯啦咯啦咯啦咯啦咯哇路走里哇有早洗哇有早洗哇有找有早洗哇真转可住咯哇路走里哇有早洗哇有早洗哇有找有早洗哇这了走里走里咯啦咯啦咯啦咯啦咯啦咯啦咯哇路走里哇有早洗哇有早洗哇有找有早洗哇真转住咯哇路走里哇有早洗哇有早洗哇有找有早洗哇这了走里走里咯啦咯啦咯啦咯啦咯啦咯啦咯哇路走里哇有早洗哇有早洗哇有找有早洗哇真转,1631444376000,0,1,家庭亲子,
YoYo_8C7T4J0S,5.0,可住咯哇路走里哇有早洗哇有早洗哇有找有早洗哇这了走里走里咯啦咯啦咯啦咯啦咯啦咯啦咯哇路走里哇有早洗哇有早洗哇有找有早洗哇真转可可住咯哇路走里哇有早洗哇有早洗哇有找有早洗哇这了走里走里咯啦咯啦咯啦咯啦咯啦咯啦咯哇路走里哇有早洗哇有早洗哇有找有早洗哇真转可住咯哇路走里哇有早洗哇有早洗哇有找有早洗哇这了走里走里咯啦咯啦咯啦咯啦咯啦咯啦咯哇路走里哇有早洗哇有早洗哇有找有早洗哇真转住咯哇路走里哇有早洗哇有早洗哇有找有早洗哇这了走里走里咯啦咯啦咯啦咯啦咯啦咯啦咯哇路走里哇有早洗哇有早洗哇有找有早洗哇真转,1631444384000,0,0,家庭亲子,
YoYo_8C7T4J0S,5.0,可住咯哇路走里哇有早洗哇有早洗哇有找有早洗哇这了走里走里咯啦咯啦咯啦咯啦咯啦咯啦咯哇路走里哇有早洗哇有早洗哇有找有早洗哇真转可可住咯哇路走里哇有早洗哇有早洗哇有找有早洗哇这了走里走里咯啦咯啦咯啦咯啦咯啦咯啦咯哇路走里哇有早洗哇有早洗哇有找有早洗哇真转可住咯哇路走里哇有早洗哇有早洗哇有找有早洗哇这了走里走里咯啦咯啦咯啦咯啦咯啦咯啦咯哇路走里哇有早洗哇有早洗哇有找有早洗哇真转住咯哇路走里哇有早洗哇有早洗哇有找有早洗哇这了走里走里咯啦咯啦咯啦咯啦咯啦咯啦咯哇路走里哇有早洗哇有早洗哇有找有早洗哇真转,1631444368000,0,0,家庭亲子,
YoYo_8C7T4J0S,5.0,可住咯哇路走里哇有早洗哇有早洗哇有找有早洗哇这了走里走里咯啦咯啦咯啦咯啦咯啦咯啦咯哇路走里哇有早洗哇有早洗哇有找有早洗哇真转可可住咯哇路走里哇有早洗哇有早洗哇有找有早洗哇这了走里走里咯啦咯啦咯啦咯啦咯啦咯啦咯哇路走里哇有早洗哇有早洗哇有找有早洗哇真转可住咯哇路走里哇有早洗哇有早洗哇有找有早洗哇这了走里走里咯啦咯啦咯啦咯啦咯啦咯啦咯哇路走里哇有早洗哇有早洗哇有找有早洗哇真转住咯哇路走里哇有早洗哇有早洗哇有找有早洗哇这了走里走里咯啦咯啦咯啦咯啦咯啦咯啦咯哇路走里哇有早洗哇有早洗哇有找有早洗哇真转,1631444360000,0,0,家庭亲子,
YoYo_8C7T4J0S,5.0,可住咯哇路走里哇有早洗哇有早洗哇有找有早洗哇这了走里走里咯啦咯啦咯啦咯啦咯啦咯啦咯哇路走里哇有早洗哇有早洗哇有找有早洗哇真转可可住咯哇路走里哇有早洗哇有早洗哇有找有早洗哇这了走里走里咯啦咯啦咯啦咯啦咯啦咯啦咯哇路走里哇有早洗哇有早洗哇有找有早洗哇真转可住咯哇路走里哇有早洗哇有早洗哇有找有早洗哇这了走里走里咯啦咯啦咯啦咯啦咯啦咯啦咯哇路走里哇有早洗哇有早洗哇有找有早洗哇真转住咯哇路走里哇有早洗哇有早洗哇有找有早洗哇这了走里走里咯啦咯啦咯啦咯啦咯啦咯啦咯哇路走里哇有早洗哇有早洗哇有找有早洗哇真转,1631444349000,0,0,家庭亲子,
YoYo_8C7T4J0S,5.0,可住咯哇路走里哇有早洗哇有早洗哇有找有早洗哇这了走里走里咯啦咯啦咯啦咯啦咯啦咯啦咯哇路走里哇有早洗哇有早洗哇有找有早洗哇真转可可住咯哇路走里哇有早洗哇有早洗哇有找有早洗哇这了走里走里咯啦咯啦咯啦咯啦咯啦咯啦咯哇路走里哇有早洗哇有早洗哇有找有早洗哇真转可住咯哇路走里哇有早洗哇有早洗哇有找有早洗哇这了走里走里咯啦咯啦咯啦咯啦咯啦咯啦咯哇路走里哇有早洗哇有早洗哇有找有早洗哇真转住咯哇路走里哇有早洗哇有早洗哇有找有早洗哇这了走里走里咯啦咯啦咯啦咯啦咯啦咯啦咯哇路走里哇有早洗哇有早洗哇有找有早洗哇真转,1631444343000,0,0,家庭亲子,
YoYo_8C7T4J0S,5.0,可住咯哇路走里哇有早洗哇有早洗哇有找有早洗哇这了走里走里咯啦咯啦咯啦咯啦咯啦咯啦咯哇路走里哇有早洗哇有早洗哇有找有早洗哇真转可可住咯哇路走里哇有早洗哇有早洗哇有找有早洗哇这了走里走里咯啦咯啦咯啦咯啦咯啦咯啦咯哇路走里哇有早洗哇有早洗哇有找有早洗哇真转可住咯哇路走里哇有早洗哇有早洗哇有找有早洗哇这了走里走里咯啦咯啦咯啦咯啦咯啦咯啦咯哇路走里哇有早洗哇有早洗哇有找有早洗哇真转住咯哇路走里哇有早洗哇有早洗哇有找有早洗哇这了走里走里咯啦咯啦咯啦咯啦咯啦咯啦咯哇路走里哇有早洗哇有早洗哇有找有早洗哇真转,1631444243000,0,0,家庭亲子,
YoYo_8C7T4J0S,5.0,可住咯哇路走里哇有早洗哇有早洗哇有找有早洗哇这了走里走里咯啦咯啦咯啦咯啦咯啦咯啦咯哇路走里哇有早洗哇有早洗哇有找有早洗哇真转可可住咯哇路走里哇有早洗哇有早洗哇有找有早洗哇这了走里走里咯啦咯啦咯啦咯啦咯啦咯啦咯哇路走里哇有早洗哇有早洗哇有找有早洗哇真转可住咯哇路走里哇有早洗哇有早洗哇有找有早洗哇这了走里走里咯啦咯啦咯啦咯啦咯啦咯啦咯哇路走里哇有早洗哇有早洗哇有找有早洗哇真转住咯哇路走里哇有早洗哇有早洗哇有找有早洗哇这了走里走里咯啦咯啦咯啦咯啦咯啦咯啦咯哇路走里哇有早洗哇有早洗哇有找有早洗哇真转,1631443868000,0,0,家庭亲子,
YoYo_8C7T4J0S,5.0,可住咯哇路走里哇有早洗哇有早洗哇有找有早洗哇这了走里走里咯啦咯啦咯啦咯啦咯啦咯啦咯哇路走里哇有早洗哇有早洗哇有找有早洗哇真转可可住咯哇路走里哇有早洗哇有早洗哇有找有早洗哇这了走里走里咯啦咯啦咯啦咯啦咯啦咯啦咯哇路走里哇有早洗哇有早洗哇有找有早洗哇真转可住咯哇路走里哇有早洗哇有早洗哇有找有早洗哇这了走里走里咯啦咯啦咯啦咯啦咯啦咯啦咯哇路走里哇有早洗哇有早洗哇有找有早洗哇真转住咯哇路走里哇有早洗哇有早洗哇有找有早洗哇这了走里走里咯啦咯啦咯啦咯啦咯啦咯啦咯哇路走里哇有早洗哇有早洗哇有找有早洗哇真转,1631443844000,0,0,家庭亲子,
YoYo_8C7T4J0S,5.0,可住咯哇路走里哇有早洗哇有早洗哇有找有早洗哇这了走里走里咯啦咯啦咯啦咯啦咯啦咯啦咯哇路走里哇有早洗哇有早洗哇有找有早洗哇真转可可住咯哇路走里哇有早洗哇有早洗哇有找有早洗哇这了走里走里咯啦咯啦咯啦咯啦咯啦咯啦咯哇路走里哇有早洗哇有早洗哇有找有早洗哇真转可住咯哇路走里哇有早洗哇有早洗哇有找有早洗哇这了走里走里咯啦咯啦咯啦咯啦咯啦咯啦咯哇路走里哇有早洗哇有早洗哇有找有早洗哇真转住咯哇路走里哇有早洗哇有早洗哇有找有早洗哇这了走里走里咯啦咯啦咯啦咯啦咯啦咯啦咯哇路走里哇有早洗哇有早洗哇有找有早洗哇真转,1631431420000,0,0,家庭亲子,
YoYo_8V7H5G3T,1.0,别去 坑的要死,1759481635000,0,0,家庭亲子,湖北
YoYo_4U0T8L1Q,2.0,"好处:拍照很可，项目还算多
不好:
1.项目多但大多都比较刺激（主要是我不喜欢，喜欢刺激的应该可以试试）
2.门票190以为除了餐饮全包，结果里面有一个迷宫，进去又得收费，还分大人小孩收费，原因是地面是玻璃的，所以要买鞋套和一个什么棒，收费就算了，关键是这个鞋套和棒只是租赁，从迷宫出来还得还，商家简直就是白嫖
3.里面的各类费用物价都偏高，可以带一点吃的喝的再进去就比较划算
4.有游园车可租赁，二人座一天240，三人座一天300，偏贵
总的来说:可尝试但性价比很低",1619921808000,0,0,朋友出游,
YoYo_8C7T4J0S,5.0,可住咯哇有早洗哇有早洗哇有早洗哇这可住咯哇快约有早洗哇有早洗哇这了用咯哇快约有早洗哇真转咯啦咯啦咯哇有早洗哇有早洗哇有早洗哇有早洗哇有早洗哇真转可住咯哇有早洗哇有早洗哇有早洗哇这可住咯哇快约有早洗哇有早洗哇这了用咯哇快约有早洗哇真转咯啦咯啦咯哇有早洗哇有早洗哇有早洗哇有早洗哇有早洗哇真转可住咯哇有早洗哇有早洗哇有早洗哇这可住咯哇快约有早洗哇有早洗哇这了用咯哇快约有早洗哇真转咯啦咯啦咯哇有早洗哇有早洗哇有早洗哇有早洗哇有早洗哇真转,1631016638000,0,0,家庭亲子,
会跳跃的鱼0,5.0,好玩，好玩非常好玩，太好玩了呀,1709536639000,0,0,,湖南
YoYo_3L7Y9T1V,5.0,好刺激，刚玩的，腿还在抖☺☺☺,1709534665000,0,0,,湖南
YoYo_1Y5H8I3H,5.0,体验很好，景色不错，值得推荐，,1598497787000,0,0,朋友出游,
Noah予时,5.0,带娃玩一下还行,1755595165000,0,0,家庭亲子,湖南
YoYo_7U4Z0J3F,5.0,挺好玩的 项目挺多的 环境优美,1587776545000,0,0,,
无妄ww,5.0,我觉得还是比较好玩的😄,1653140712000,0,0,朋友出游,
田小强520,5.0,好很好 的地方。很好玩,1748934905000,0,0,情侣夫妻,重庆
小小西米露.,5.0,太好玩了，性价比很高,1644976601000,0,0,朋友出游,
如小主qr,4.0,玩了8个项目，过山车超刺激，跳楼机景色也不错，迪斯摩托转得头晕，海盗船失重感好厉害，下来脚都是绷得痛死了。,1620310901000,0,0,家庭亲子,
姓刘ᥬᥬ[耶]᭄᭄不忘娟,5.0,风景秀丽，项目繁多且非常好玩，工作人员服务态度非常好，我只要有时间都会过去玩，非常推荐的游玩圣地,1708927602000,0,0,,湖南
YoYo_8P1R0G4R,1.0,"提前一天下午买的票，第二天到游乐园了说临时发了通知说闭园了???????🐶吧?各个购票渠道都可以买票,你说闭园?你怎么不把购票渠道关了呢??有游客买了当天的票不知道提前通知????大早上坐了两个多小时的车才到的，损失呢?",1623001439000,0,0,,
YoYo_3G8O5K8Z,1.0,带孩子晚上上去的，园区很大，租了个车子，转了一圈，好多项目都关闭了，即使不关闭，小孩子也玩不了，就去了儿童区，每个项目都要排队半小时，我们就在儿童区玩了两个项目，性价比太低了。因为好多项目没玩到，所以也不知道好不好玩,1633651595000,0,0,,
如小主qr,4.0,一行9人，2个小学生身高都超过150了，买的学生票，到了后自助打印门票，很顺利地进了园。要给卡乐星球点个大赞，因为没去前咨询了携程，说是购买学生票需要身份证＋学生证，但小学根本不发学生证，所以刚开始很担忧。但到了后,1620309940000,0,0,家庭亲子,
YoYo_4L2R9G6Y,5.0,特别适合带小朋友来玩  项目超多好玩的  一天根本玩不够  吃的东西也便宜  工作人员的服务也超棒,1708928374000,0,0,,湖南
YoYo_7M9B6D7L,5.0,景区设施完备、服务周到，适合全家人一起游玩。服务人员专业，能够解答各方面的疑惑。,1708850191000,0,0,,湖南
Mmmmarch.,3.0,项目都是半小时一开 太卡时间了 有点赶,1737708364000,0,0,朋友出游,湖南
YoYo_5E1L6E6C,5.0,超值推荐地方,1752560457000,0,0,家庭亲子,广东
YoYo_7M9B6D7L,5.0,景区环境优美，适合散步和放松身心。景区设施完备、服务周到，适合全家人一起游玩。,1709602275000,0,0,,湖南
YoYo_7V9R4A7T,5.0,天气好太适合游玩了，玩一玩、逛一逛、拍一拍，景色超美，1.2米以下还免费噢！,1709528356000,0,0,,湖南
阳光明媚zhangmei,5.0,很不错的选择,1752097378000,0,0,家庭亲子,湖南
YoYo_8K0R9U3Q,4.0,因为太热了 所以只玩了两个多小时就出来了 辛亏租了一辆车 能轻松一点 小孩太小 很多项目没有达到身高玩不了 园区没有想象中大 但还是值得一玩的 等孩子大点 选不是太热的天气去玩 应该感觉会更好点,1597591234000,0,0,家庭亲子,
🍀瑛,5.0,和女儿一起去的，从上午进场到晚上退场，时长约11小时，玩得挺开心😃,1603154947000,0,1,家庭亲子,
蓬莱有约,5.0,那里的项目又多又有趣，而且十分刺激，总的来说，性价比十分高体验很好，,1597452124000,0,1,家庭亲子,
YoYo_0E9E4G9J,5.0,有趣好玩，,1617711869000,0,0,家庭亲子,
YoYo_4C7O0T7H,5.0,景色不错，,1620106296000,0,0,家庭亲子,
EvilAngel灬,3.0,可玩性不高,1602165583000,0,0,家庭亲子,
YoYo_7V9R4A7T,5.0,很好玩，春节期间很热闹噢，项目没有全部开放，不过票价便宜，值了！,1708927850000,0,0,,湖南
YoYo_9I2V0M8D,5.0,忠实的年卡粉丝，就想问一下这个项目什么时候开，这可以网红打卡地,1709302184000,0,0,,湖南
YoYo_8J0I8R7M,5.0,"环境：非常好
交通：便利，停车场很大
小吃：小贵
推荐项目：峡谷飞舟：很爽
                    极速穿越：很刺激
                    烈焰飞龙：很刺激
                    神话：高科技
                    大闹天宫：高科技
避雷：时光飞车，头晕晕",1590283703000,0,0,,
woshiliuchengyi,1.0,人太多，时间安排不合理。项目玩不完，没有控制好票的数量。然后有些景点排队可以多装一些空调，电风扇。跳楼机时间安排不合理，时间太短。希望以后整改的更好。,1588403902000,0,0,,
欧1000009,5.0,性价比高，值得一去，好多项目不适合1米4以下的小孩玩，这有点遗憾，还有的就是有的项目必须1米2以上，所以没有1米2的小朋友就有点遗憾了呀,1608085817000,0,0,朋友出游,
匿名用户,4.0,还不错，进去没有什么人，设施有点陈旧。其他都还好，工作人员比较热情。,1726501266000,0,0,家庭亲子,湖南
达达赛,4.0,还不错，如果办年卡很划算，可惜孩子不喜欢玩。没有什么特别有吸引力的玩具，魔术师刚一玩还不错，但是他的3D效果比起迪士尼来差远了。,1614160964000,0,0,家庭亲子,
1719号,5.0,用咯哇路走里哇路走里哇有早洗哇有早洗哇这可住咯哇快约有早洗哇有早洗哇这可住咯哇快约有早洗哇有早洗哇有找有可住咯哇快约有早洗哇这,1627737478000,0,2,家庭亲子,
1719号,5.0,用咯哇路走里哇路走里哇有早洗哇有早洗哇这可住咯哇快约有早洗哇有早洗哇这可住咯哇快约有早洗哇有早洗哇有找有可住咯哇快约有早洗哇这,1627786360000,0,0,情侣夫妻,
1719号,5.0,用咯哇路走里哇路走里哇有早洗哇有早洗哇这可住咯哇快约有早洗哇有早洗哇这可住咯哇快约有早洗哇有早洗哇有找有可住咯哇快约有早洗哇这,1627779218000,0,0,家庭亲子,
1719号,5.0,用咯哇路走里哇路走里哇有早洗哇有早洗哇这可住咯哇快约有早洗哇有早洗哇这可住咯哇快约有早洗哇有早洗哇有找有可住咯哇快约有早洗哇这,1627737464000,0,0,家庭亲子,
YoYo_9A9Q3K7B,5.0,超好玩，超级棒，超级推荐，景色迷人，几🉐滴好玩,1708934475000,0,0,,湖南
YoYo_5P2Q6O9C,5.0,常德卡乐星球值得一去，环境优美，服务态度很好！,1709553870000,0,0,,湖南
CardCat,4.0,室外設施不多，而且都有些距離，不租台小電車真的走的累，現在多數都是3D立體的一些遊樂設備，但也是容易排隊跟頭暈。,1678371217000,0,1,家庭亲子,中国台湾
YoYo_5A4V8U7T,4.0,"进去了千万不要做里面的车子，太不划算。
买票之前说的要坐车了可以打电话去接我们，到要坐车的时候还要等他们发车。",1627690561000,0,0,家庭亲子,
YoYo_5W7Z2L2A,5.0,价格优惠了许多，室内，室外都有得玩，值得一试,1708925233000,0,0,,湖南
YoYo_5H7Z4S8H,5.0,很漂亮，很适合打卡拍照，非常出片！还会再来！,1708920863000,0,0,,湖南
二孩爹地,5.0,整个园区干净整洁，特别是卫生间，玩得东西也多,1589764664000,0,0,其他出游,
YoYo_3O8G4A4O,5.0,风景不错适合拍照，项目很好玩，真是太好玩了,1708930546000,0,0,,湖南
YoYo_3N4K6B6I,5.0,这里环境很不错，服务态度也好，项目很刺激，,1587777776000,0,0,,
YoYo_2P0W8O7U,4.0,游乐场规模不小，3d4d的项目很多，大部分项目都要1米4或1米5，适合大人玩，小孩子可以玩的项目不多。,1596699286000,0,0,家庭亲子,
李不闹思密达,3.0,门票相对于常德消费水平不算高  但是里面的游乐设施附加钱的很多  总体觉得一般  迪士尼门票虽然高  但是进去了觉得值,1633438823000,0,0,家庭亲子,
YoYo_5E1M3P5D,1.0,又有晚场，晚场六点大部分都关门了，纯粹坑人。这个游乐场是玩过的最差的，没有之一，千万不要来，来了后悔。,1633255556000,0,0,家庭亲子,
YoYo_6R0A3C7Q,5.0,卡乐星球的游乐设施非常齐全。有旋转木马，碰碰车，神话，大闹天宫……每个项目都让小朋友们玩得不亦乐乎。,1708929248000,0,0,,湖南
YoYo_2N1G3W3X,1.0,完完全全不值190一个人的票价，里面静悄悄，鬼都没有几个。估计就是因为人少，干脆贵一点收点票钱回来,1631161578000,0,0,情侣夫妻,
YoYo_2V7V1Q8C,5.0,风景好，还能看到柳叶湖的美景，票价划算,1709530294000,0,0,,湖南
YoYo_8F3C6E8Q,5.0,好玩好玩，没去过的可以去溜达一圈哦😀,1587775891000,0,0,,
YoYo_9H6B5B3S,5.0,夜场票真的很值，就是小心脏受不了😀ོ,1660560918000,0,1,家庭亲子,湖南
叮当家妈妈,2.0,"不推荐去，很low,，如果门票)100还凑合，门票200太贵了
游乐设施都很一般，时间也很短",1603353915000,0,0,家庭亲子,
YoYo_3O8G4A4O,5.0,景色很美项目很好玩，工作人员服务热情,1709529510000,0,0,,湖南
yimi妈,5.0,孩子们玩疯啦，但是项目都是限高1.2,1596596868000,0,0,家庭亲子,
YoYo_9H2I8R6V,5.0,过完年跟发小们又在卡乐星球约了一波，很久没有这种高兴的感觉了，有朋友，有卡乐，人生乐事。,1709198517000,0,0,,湖南
YoYo_2S2A2K9A,5.0,常德城市到这边也不是特别远，园区里的项目我都挺喜欢玩，很可惜，没有玩到过山车，下次再来。,1709198304000,0,0,,湖南
YoYo_0E7G5L3D,5.0,项目很多，环境优美，这次是去的夜场沒玩够，性价比高，值得推荐，计划等小孩1.2后再来玩。,1597962683000,0,0,家庭亲子,
Skilly3674,5.0,常德又父母了一个玩乐攻的好去处，玩的晚场，室内室外项目都玩了，很不错吧体验，还会再去的。,1597247548000,0,0,家庭亲子,
YoYo_5E6J2X5B,5.0,大部分是比较刺激的项目，项目很多，性价比高。建议穿舒适休闲装前往。不提供热水需要自备。,1593251506000,0,0,情侣夫妻,
YoYo_1Y7Y8W9T,5.0,景色很美  项目还是很有特色滴 值得一去,1708925146000,0,0,,湖南
成州行,5.0,"【景色】美美美美美美美美美美美美
【趣味】特别好玩好玩好玩
【性价比】高质量值得一游",1671542445000,0,0,,甘肃
YoYo_0O0E2F1X,5.0,性价比高，有趣好玩，总体超赞，景色不错，值得一去。推荐大摆锤、神话、疯狂魔术师。,1620302637000,0,0,家庭亲子,
Wonjin,5.0,挺好玩的 孩子很喜欢那种VR体验 户外的我们没有玩 因为她害怕  从1点玩到八点半 很好玩,1620180063000,0,0,家庭亲子,
YoYo_9M2Q4Z0N,4.0,和爸妈去的，性价比很高，就是有些项目很在就关了，既然做晚场，那就应该营业结束关啊,1662577066000,0,0,家庭亲子,湖南
YoYo_2P0W8O7U,4.0,小孩子喜欢的景点，人不太多，但是小孩子可以玩的项目不多，大部分项目对身高有要求。,1596699369000,0,0,家庭亲子,
YoYo_0P4T5L9I,5.0,项目体验非常刺激，工作人员热情，目前有些项目在国检未开放，价格便宜非常适合来玩,1709597912000,0,0,,湖南
YoYo_9A9Q3K7B,5.0,景色迷人人更美，价格便宜又实惠，环境卫生干净整洁，体验项目紧张又刺激，强力推荐,1709525319000,0,0,,湖南
YoYo_6H1E2N2F,5.0,热天就要玩快乐星球，爽，常德人民真热情，大常德的环境早就有所耳闻了，不错不错,1625231631000,0,0,,
YoYo_2Q0O0G5V,5.0,风景优美，体验项目值得游玩的！,1710156556000,0,0,,湖南
YoYo_6L0U2C6S,5.0,园区大，环境好，项目多，好玩！,1710140328000,0,0,,湖南
YoYo_7K2W6N7H,5.0,卡乐对对碰真好玩，还有尖峰时刻,1708921303000,0,0,,湖南
YoYo_0F6E7C9V,4.0,适合亲子游，景区的食物有点贵。,1633341460000,0,0,家庭亲子,
YoYo_4U9T4T3R,4.0,值得推荐，有趣好玩，景色不错，,1598424707000,0,0,家庭亲子,
YoYo_8C7T4J0S,5.0,有趣好玩，总体超赞，景色不错，性价比高，可住咯哇路走克玩住咯啦咯啦咯啦咯啦,1615987461000,0,0,其他出游,
YoYo_6O0R9U2U,5.0,环境不错，有室内，有室外，可以玩的东西很多不建议节假日去，人多排队时间长,1632441976000,0,0,情侣夫妻,
YoYo_7E7S0W3S,3.0,最近夜场人爆满，一个项目排队一两个小时，小孩子能玩的太少，大人体验感不好,1597742858000,0,0,家庭亲子,
YoYo_9V4P4B0X,1.0,刚办完年卡第二天就做活动！688只要200！！玩个*，真坑爹，无语死了。,1630564669000,0,0,单独旅行,
1719号,5.0,有趣好玩，景色不错，性价比高，总体超赞，可住咯哇路走里咯啦咯啦咯啦咯啦,1618656261000,0,0,情侣夫妻,
1719号,5.0,景色不错，有趣好玩，性价比高，总体超赞，lz路在LJLLJLLJL哦里,1618656245000,0,0,情侣夫妻,
YoYo_8C7T4J0S,5.0,景色不错，总体超赞，有趣好玩，性价比高，可住咯啦咯啦咯啦咯啦咯啦咯啦咯,1615985988000,0,0,情侣夫妻,
刺薇的拥抱,5.0,过山车，大摆锤，飞车，爱心淘都想再玩一次，超级过瘾，性价比高，有趣好玩,1608955734000,0,0,朋友出游,
爱自由的周大小姐,5.0,比较大，在园里租个车方便一些，年纪大了玩不了太多刺激的，主要体验气氛。,1601677400000,0,0,情侣夫妻,
Jun寳,2.0,体验感不好，没什么人气，冷冷清清的。本来游乐设施就不多，还有几个不开。,1720219122000,0,0,家庭亲子,湖南
kleven,3.0,安全性能有点差，服务水平有待提高，美其名曰华侨城，实际没有华侨城的体验,1592617925000,0,0,朋友出游,
YoYo_5P2Q6O9C,5.0,"【景色】漂亮
【性价比】非常高
【趣味】项目好玩，刺激，欢迎大家前来游玩",1708922574000,0,0,,湖南
YoYo_8C7T4J0S,5.0,有趣好玩，总体超赞，性价比高，景色不错，可住咯哇路走里走里咯啦咯啦咯,1615987554000,0,0,情侣夫妻,
YoYo_8C7T4J0S,5.0,性价比高，有趣好玩，总体超赞，景色不错，可住咯哇路走里咯啦咯啦咯啦丽,1615987414000,0,0,其他出游,
Sarah,5.0,周末下午去的，以为有晚场，其实没有，就玩了两三个小时，吃了一点小吃。,1606020720000,0,0,家庭亲子,
Sarah,5.0,周末下午去的，以为有晚场，其实没有，就玩了两三个小时，吃了一点小吃。,1606020707000,0,0,家庭亲子,
Sarah,5.0,周末下午去的，以为有晚场，其实没有，就玩了两三个小时，吃了一点小吃。,1606020687000,0,0,家庭亲子,
Cx330%星星,5.0,值得一去！强烈推荐！等寒假回常德了再去玩！！！孩子们玩得开心最重要！,1603069105000,0,0,家庭亲子,
YoYo_8C5N0A3U,3.0,九点半进园很多设施都显示暂停开放，而且点与点之间的时间也安排不合理。,1597838635000,0,0,家庭亲子,
YoYo_4R1J5S9W,2.0,不适合带1.4米以下小朋友去，没什么适合他玩的，小朋友不开心大人累。,1620469185000,0,1,家庭亲子,
YoYo_3Y6Z8N2Q,5.0,很多好玩的 就是节假日人比较多,1730615460000,0,0,朋友出游,湖南
沙漠胡扬,5.0,"【景色】
【性价比】
【趣味】非常好！！！！！！！！！！！！！！！！！",1678265959000,0,0,,湖南
1719号,5.0,有趣好玩，性价比高，景色不错，总体超赞，里啥里走里咯啦咯啦咯啦咯啦,1618656235000,0,0,情侣夫妻,
YoYo_9L4V5L9O,3.0,虽然1米2以下免费，但是基本上没什么小孩子玩的项目，太少了，不划算,1596019163000,0,0,家庭亲子,
YoYo_0P5W5P5E,5.0,非常好玩(ง•̀_•́)ง,1714791599000,0,0,家庭亲子,湖南
YoYo_8S8U6X3M,5.0,有趣好玩，性价比高，总体超赞，景色不错，和朋友情侣什么的都还可以,1623681197000,0,0,朋友出游,
长滩玛丽安,5.0,多去体验3d.项目，有一个室内鬼屋没什么吓人的，就像是看视频一样,1609291397000,0,0,朋友出游,
沙漠胡扬,5.0,"【景色】
【趣味】
【性价比】良好的地方！！！！！、纯纯粹粹冲冲冲",1678611448000,0,0,,湖南
保暖仔仔娟,5.0,景色不错，有趣好玩，性价比高，总体超赞，小小朋友很喜欢，很开心,1615711235000,0,0,家庭亲子,
YoYo_5O7A0F3G,5.0,值得打卡游玩的地方，上次去迟了，都没全部玩到，下次早点过去。,1708917757000,0,0,,湖南
沙漠胡扬,5.0,"【景色】
【趣味】
【性价比】良好的好地方，，，，，，，，，，，",1679324543000,1,0,,湖南
若林若木,5.0,很可惜，今年暂停营业了。,1682988940000,0,0,家庭亲子,湖南
YoYo_2Z5J2S4F,5.0,搞活动，比较划算。就是夏天去太热。里面带小孩子玩一天满好的。,1660010358000,0,0,家庭亲子,湖南
YoYo_8T5A7H6O,5.0,"性价比高，
便宜又实惠，一家老小齐开心。孩子最喜欢这些地方了。",1609916439000,0,0,家庭亲子,
YoYo_8T5A7H6O,5.0,"性价比高，
便宜又实惠，一家老小齐开心。孩子最喜欢这些地方了。",1609916404000,0,0,家庭亲子,
YoYo_8T5A7H6O,5.0,性价比高，便宜又实惠，一家老小齐开心。孩子最喜欢这些地方了。,1609916368000,0,0,家庭亲子,
YoYo_6I8O7F7N,5.0,服务非常棒，虽然下雨室外娱乐没有开！但是真的很不错的一次体验,1601807874000,0,0,朋友出游,
YoYo_3Q2B0D1G,4.0,还不错！可以玩一天，玩累了就看节目搭配的还不错。设施都比较新,1651848016000,0,0,家庭亲子,
YoYo_4Y3P5I0J,4.0,景色不错，性价比高，有趣好玩，总体超赞，推存大家去常德玩耍哦,1609383910000,0,0,朋友出游,
YoYo_9V4P4B0X,1.0,刚办完年卡第二天就做活动！688只要200！！玩个*，真坑爹,1630564695000,0,1,单独旅行,
YoYo_9V4P4B0X,1.0,刚办完年卡第二天就做活动！688只要200！！玩个*，真坑爹,1630564681000,0,0,单独旅行,
沙漠胡扬,5.0,"【景色】
【趣味】
【性价比】很好！！！！！！！！！！！！！！",1681958725000,0,0,,湖南
YoYo_9K3M7W5D,5.0,不错！不错！很好玩！很刺激！不用出远门在家门口就能玩到真棒,1587817272000,0,0,,
YoYo_9G3V7A2Z,5.0,不好玩，也许太热了，玩了几个项目，就租了一个车子转了几圈。,1660547503000,0,0,家庭亲子,湖南
YoYo_5K8L4U7R,4.0,部分项目比较坑 比如镜子迷宫 稀里糊涂每人多交30块 五分钟完事,1613413101000,0,0,家庭亲子,
YoYo_8V8M1P4K,5.0,乐园很好玩，小朋友很喜欢，棉花糖机很新颖，小朋友超级喜欢,1709601805000,0,0,,湖南
YoYo_8A8J3I4S,5.0,小朋友们玩了夜场不尽兴，还要再去。整体不错👍体验很好，,1599871600000,0,0,家庭亲子,
Lwlwnbh,3.0,下雨了没玩什么  就只有室内的了😂没有想象中的那么好玩吧,1616306742000,0,0,单独旅行,
YoYo_6T8Z3L3G,1.0,工作人员的态度极差，还有好几个项目开都没开。摩天轮都没开,1633237743000,0,0,其他出游,
YoYo_2S7L7O7V,5.0,就是太晒了，学生票买了150，现场买只要100，有点亏,1624536575000,0,0,朋友出游,
YoYo_1E1Z9S3O,2.0,好多项目都没有开，还有一些需要付费体验不佳，可玩性低，,1597846136000,0,0,家庭亲子,
沙漠胡扬,5.0,"【景色】
【趣味】
【性价比】很好的！！！！！！！！！！",1678455645000,0,0,,湖南
YoYo_5P3B2J2A,5.0,景色不错，有趣好玩，,1597941003000,0,0,家庭亲子,
金钱豹富,5.0,设备有些意思 能够照顾大孩子小孩子和成人 总体超赞，,1613398365000,0,1,家庭亲子,
YoYo_2G6T4P4I,4.0,"总体还可以
陪着女儿去的",1730363215000,0,0,家庭亲子,北京
YoYo_8V0R4V7G,4.0,卡乐小镇孩子超级喜欢，就是胆子小过山车等都不敢玩,1659661733000,0,0,家庭亲子,湖南
香蕉妹妹.,4.0,还不错吧，就是我去的时候太热了，走几步身上全是汗,1629437925000,0,0,情侣夫妻,
qkshingo,4.0,五一期间去的 人很多 排队花的时间太长 只玩到五个项目,1590938750000,0,0,朋友出游,
YoYo_9L1N8B4D,1.0,非常坑，很多都暂停使用，玩了个寂寞，不会来第二次,1619840052000,0,0,,
YoYo_8S6I6H9T,5.0,"【景色】迷人，
【趣味】项目多
【性价比】价格优惠",1709555929000,0,0,,湖南
YoYo_9P3R3H3T,5.0,蛮好玩的值得一去，大部分项目都很好玩，夜景很美,1709538916000,0,0,,湖南
YoYo_8A8J3I4S,5.0,收费还合理，小朋友们玩了夜场不尽兴，还要去玩。,1599871529000,0,0,家庭亲子,
YoYo_4B7J8F9P,5.0,景色不错，值得推荐，多增加带空调的餐厅会更好。,1597665221000,0,0,家庭亲子,
YoYo_2I3I3N9H,5.0,第一次来还不是很熟悉，下次来希望感受一下摩天轮,1597065904000,0,0,家庭亲子,
YoYo_7K2W6N7H,5.0,"真的好刺激，值得拥有，推荐给朋友来。
【景色】",1709522990000,0,0,,湖南
YoYo_6F5S4N7A,5.0,一家人玩的很开心，服务态度好，项目刺激，推荐,1708932432000,0,0,,湖南
YoYo_0A1D6I7N,5.0,一天玩不够，非常好玩，刺激，有的玩一次还不够,1602355140000,0,0,朋友出游,
二孩爹地,5.0,整个园区干净整洁，特别是卫生间，玩得东西也多,1589764700000,0,0,其他出游,
二孩爹地,5.0,整个园区干净整洁，特别是卫生间，玩得东西也多,1589764692000,0,0,其他出游,
二孩爹地,5.0,整个园区干净整洁，特别是卫生间，玩得东西也多,1589764682000,0,0,其他出游,
二孩爹地,5.0,整个园区干净整洁，特别是卫生间，玩得东西也多,1589764674000,0,0,其他出游,
YoYo_5R0D4I5M,1.0,10岁以上再来，小朋友来是可玩性低，巨大的坑,1619838904000,0,0,家庭亲子,
YoYo_6T1P0U7A,1.0,人多又没得玩 巨热 很多景点还很早就关闭了 真无语,1596371301000,0,0,朋友出游,
YoYo_0P4T5L9I,5.0,非常好玩，适合各年龄段人群，各种高科技项目,1710145400000,0,0,,湖南
YoYo_0W4S5H4I,5.0,景区很好玩，拍照打卡，周末带小孩玩都适合。,1587547720000,0,0,,
YoYo_9C2K7A1X,5.0,很不错 项目很多 门票也不贵 园内食物价格较合理,1607237459000,0,0,家庭亲子,
Fᴏʀɢᴇᴛ .z,4.0,这次去的时候人比较多，到底项目都没有玩几个,1617770492000,0,0,其他出游,
田橙,4.0,里面很大，项目也挺多的，晚场的价格很划算。,1597749200000,0,0,家庭亲子,
YoYo_8W2C0E2O,5.0,好评好评…………,1641126237000,0,1,朋友出游,
若林若木,5.0,很可惜今年停业了,1682988978000,0,0,家庭亲子,湖南
YoYo_4L2R9G6Y,5.0,超级好玩  园区风景也好  地方很大 适合打卡拍照,1709525843000,0,0,,湖南
保暖仔仔娟,5.0,景色不错，有趣好玩，性价比高，总体超赞，,1615711203000,0,0,家庭亲子,
保暖仔仔娟,5.0,景色不错，有趣好玩，性价比高，总体超赞，,1615711123000,0,0,家庭亲子,
瓦德拉内斯王导,5.0,值得推荐，景色不错，体验很好，有趣好玩，,1602485378000,0,0,情侣夫妻,
小城珊瑚羊,5.0,景区很漂亮。宝贝很喜欢，我们玩的很开心！,1599528705000,0,0,家庭亲子,
木木杨杰,5.0,景色不错，有趣好玩，体验很好，值得推荐，,1599296676000,0,0,家庭亲子,
兔先森520,5.0,值得推荐，体验很好，有趣好玩，景色不错，,1599056328000,0,0,情侣夫妻,
兔先森520,5.0,景色不错，值得推荐，体验很好，有趣好玩，,1599056315000,0,0,情侣夫妻,
xiong理平,5.0,体验很好，有趣好玩，值得推荐，景色不错，,1598840985000,0,0,其他出游,
xiong理平,5.0,有趣好玩，体验很好，景色不错，值得推荐，,1598840956000,0,0,家庭亲子,
YoYo_4Z8M6K1K,5.0,体验很好，景色不错，值得推荐，有趣好玩，,1597649741000,0,0,家庭亲子,
connie,5.0,体验很好，有趣好玩，值得推荐，景色不错，,1594624177000,0,0,家庭亲子,
老白,5.0,值得推荐，景色不错，有趣好玩，体验很好，,1594050704000,0,0,家庭亲子,
老白,5.0,有趣好玩，值得推荐，体验很好，景色不错，,1594050501000,0,0,家庭亲子,
命本布衣,5.0,体验很好，景色不错，有趣好玩，值得推荐，,1590973094000,0,0,其他出游,
Kk_zdd,3.0,景色一般，可玩性低，有待改进，性价比低，,1615456027000,0,0,家庭亲子,
YoYo_7J6R2G4D,2.0,项目少，基本没有适合1米2以下儿童的项目,1633328858000,0,1,家庭亲子,
YoYo_9U8W1H8K,5.0,卡乐星球真不错，特别适合全家人结伴游玩,1709530451000,0,0,,湖南
YoYo_0P4T5L9I,5.0,非常好玩，游玩项目特别多，价格也便宜了,1708937107000,0,0,,湖南
YoYo_1M8O0M6T,5.0,周末带孩子出去玩儿很开心🥳，值得去玩,1708925583000,0,0,,湖南
YoYo_6Z0C5Q3P,5.0,常德卡乐星球真的很好玩，值得打卡拍照哦,1708921430000,0,0,,湖南
YoYo_2S0N1B1B,5.0,好玩好玩。节目新颖，室内室外项目刺激。,1708920850000,0,0,,湖南
罗鲼,5.0,【趣味】高科技主题娱乐项目，价格又不高,1620949785000,0,0,,
YoYo_8D9X9L7P,5.0,好多刺激的项目都没有玩，但是感觉很棒。,1598516486000,0,0,朋友出游,
YoYo_0S4M1Q1P,1.0,态度生硬，口气不好，服务态度极差，差评,1601693610000,0,0,,
YoYo_8C0X1J7A,5.0,孩子非常喜欢去的地方，开心快乐就好！,1694137733000,0,0,,福建
YoYo_6K9Y4F2N,5.0,了解了解一下不错不错值得一看的感觉啊,1623627205000,0,0,,
星仔V587,5.0,蛮好的，就是天气热，里面卖东西有点贵,1602120007000,0,0,家庭亲子,
星仔V587,5.0,值得一去，可玩设施多，大人小孩都可以,1602119967000,0,0,家庭亲子,
YoYo_1T6U8P5C,5.0,孩子太小的不建议去，很多项目限制身高,1597809614000,0,0,家庭亲子,
YoYo_1T6U8P5C,5.0,孩子太小的不建议去，很多项目限制身高,1597809587000,0,0,家庭亲子,
匿名用户,5.0,购票后直接刷码入园很方便。,1724031567000,0,0,家庭亲子,湖南
Skilly3674,5.0,常德又多了游玩的好去处！值得推荐！,1597291987000,0,0,,
YoYo_1V1P4B9O,5.0,"环境很好 很适合带孩子来玩一玩 
很刺激",1587776004000,0,0,,
zhou,4.0,游乐项目众多，适合带小朋友一起游玩,1685807772000,1,0,,湖南
YoYo_2V9N8U0A,5.0,十一人太多了，排队很长，项目很好玩,1633334763000,0,0,家庭亲子,
路人甲TT,4.0,总体还不错，没有失望，也没有惊喜。,1665053666000,0,0,其他出游,湖南
梧州lsp,3.0,当时去好多项目都停了，没有玩，唉～,1614152668000,0,0,其他出游,
YoYo_9L4V5L9O,3.0,没超过1米2的小朋友没什么项目好玩,1596019335000,0,0,家庭亲子,
YoYo_6F5S4N7A,5.0,景色宜人，服务态度好，性价比高。,1709524449000,0,0,,湖南
YoYo_6U9H7R8Z,5.0,好玩，好吃，好喝，好多美丽的风景,1709524182000,0,0,,湖南
YoYo_6U9H7R8Z,5.0,【性价比】特别高，买张门票玩全场,1708932552000,0,0,,湖南
YoYo_6L0U2C6S,5.0,超级好记！项目惊险刺激，值得体验,1708926680000,0,0,,湖南
优乐米多多,5.0,非常好玩，很不错，下次还会再去。,1609078186000,0,1,家庭亲子,
漓笙婉👑,5.0,可以哦，晚上5点的票，小孩适合玩,1628153963000,0,0,家庭亲子,
YoYo_7S6A0L4V,5.0,唯一遗憾的就是小家伙太小，玩不了,1613923014000,0,0,家庭亲子,
浮生若梦心安为家,5.0,值得去，带小朋友一起玩，项目多！,1599117532000,0,0,家庭亲子,
YoYo_7Y4A8D5J,5.0,网红打卡，确实不错！！！！！！,1709534023000,0,0,,湖南
猫耳朵123,5.0,现在去的人不多，游玩不用排队。,1709530919000,0,0,,湖南
YoYo_2S0N1B1B,5.0,又便宜又好玩，关键西施人还美。,1709524273000,0,0,,湖南
YoYo_0I6J8R5C,5.0,好玩，超好玩，不错的旅游体验。,1708940134000,0,0,,湖南
YoYo_7Y4A8D5J,5.0,网红打卡，你…值得拥有！！！！,1708932362000,0,0,,湖南
YoYo_4A8J6Y4R,5.0,卡乐星球真的太棒了！值得游玩！,1708922456000,0,0,,湖南
星辰大海￥,5.0,真是太好玩了，大人小孩都喜欢。,1679886518000,0,0,,江西
caoqh,5.0,了解一下挺好的值得一看的地方！,1629939843000,0,0,,
YoYo_7T0J6P2H,5.0,这里景色漂亮，好玩极了，太美了,1598273648000,0,0,,
YoYo_3I0L9D9K,5.0,总体超赞，性价比高，有趣好玩，,1620178754000,0,1,家庭亲子,
YoYo_0E0W6J9G,5.0,值得的去游玩哦，那有很多的项目,1653182128000,0,0,朋友出游,
YoYo_6W5S7V7V,5.0,还不错，除了摩天轮那边没有开放,1632137636000,0,0,家庭亲子,
快乐之易,5.0,带孩子来挺好的，工作人员服务好,1619915960000,0,0,家庭亲子,
🍀瑛,5.0,值得推荐，体验很好，有趣好玩，,1603154985000,0,0,家庭亲子,
木木杨杰,5.0,值得推荐，有趣好玩，景色不错，,1599296648000,0,0,家庭亲子,
YoYo_2G5V6K7Z,5.0,体验很好，有趣好玩，值得推荐，,1598841793000,0,0,情侣夫妻,
风凌香草山,5.0,景色不错，值得推荐，有趣好玩，,1598519598000,0,0,家庭亲子,
YoYo_3N2S4F4I,5.0,有趣好玩，体验很好，值得推荐，,1597888287000,0,0,情侣夫妻,
YoYo_3N2S4F4I,5.0,值得推荐，有趣好玩，景色不错，,1597888262000,0,0,家庭亲子,
YoYo_3N2S4F4I,5.0,有趣好玩，体验很好，值得推荐，,1597888239000,0,0,家庭亲子,
YoYo_7X4P8F4Y,5.0,景色不错，有趣好玩，值得推荐，,1597163883000,0,0,家庭亲子,
葡萄,5.0,值得推荐，体验很好，有趣好玩，,1596201855000,0,0,家庭亲子,
YoYo_0K2L0V0J,4.0,游戏设施还是很多，整体评价很好,1633418198000,0,0,家庭亲子,
YoYo_0K2L0V0J,4.0,游戏设施还是很多，整体评价很好,1633418187000,0,0,家庭亲子,
YoYo_3V5N5Y9B,4.0,白天太热了，玩了两个就出来了！,1596157308000,0,0,朋友出游,
YoYo_2E3F3O9A,5.0,非常好玩 服务态度也非常好!!,1587776267000,0,0,,
YoYo_9K1A2A3X,4.0,景区里面商店商品较贵，物价高,1624269620000,0,0,朋友出游,
拉科特奥费易牙,5.0,小朋友玩的开心，值得推荐。,1673855280000,0,0,家庭亲子,湖南
YoYo_9C9T2B9C,5.0,整体还不错，就是现在太热啦,1659262744000,0,0,家庭亲子,湖南
YoYo_5O6Z1W9E,5.0,还可以，就是里面东西贵了点,1633270926000,0,0,朋友出游,
Drew_zwt,5.0,嗨爆，刺激，疯狂，服务蛮好,1625989841000,0,0,朋友出游,
YoYo_5P9K2K7I,5.0,好玩是好玩，但是门票太贵了,1624615846000,0,0,朋友出游,
YoYo_4Z8M6K1K,5.0,给孩子定的，自己邀同学玩的,1601730910000,0,0,家庭亲子,
YoYo_8C5N0A3U,3.0,总的来说下次不会再想去了。,1597838688000,0,0,家庭亲子,
YoYo_6B2J5J0E,5.0,非常满意！值得一来,1724468812000,0,0,家庭亲子,湖北
文慧^_^Angel,5.0,很好玩，崽崽都不想回来了,1660552478000,0,1,家庭亲子,湖南
拉科特奥费易牙,5.0,还不错，小朋友玩的开心。,1673855226000,0,0,家庭亲子,湖南
YoYo_1A2H8N4D,5.0,还可以，适合带孩子出来玩,1597927495000,0,0,家庭亲子,
YoYo_1P7E6R9J,4.0,项目有点少，园区不是很大,1615104960000,0,0,朋友出游,
YoYo_5H2C2T3W,4.0,太刺激了，不适合小朋友玩,1598967820000,0,0,情侣夫妻,
云笃先生,4.0,适合10岁以上小朋友玩。,1598276204000,0,0,家庭亲子,
鱼儿们快来一起免费围观,5.0,这些东西是因为没有什么,1611672960000,0,1,情侣夫妻,
YoYo_9M2Q4Z0N,5.0,不错的，晚场性价比很高,1659632916000,0,0,朋友出游,湖南
超级非洲小白脸,5.0,值得一家三口一起游玩！,1614151598000,0,0,家庭亲子,
蓬蒂-达巴尔卡傅友德,5.0,还可以吧，管理有待加强,1589329971000,0,0,其他出游,
YoYo_8U4Z4N4G,4.0,中规中矩，没有太多惊喜,1660302035000,0,0,家庭亲子,湖南
YoYo_6B2J5J0E,5.0,非常满意，不排队,1724468794000,0,0,家庭亲子,湖北
YoYo_8J9V9G3Q,5.0,还不错，蛮好玩的,1723814333000,0,0,家庭亲子,湖南
YoYo_6Y3B9L7L,5.0,性价比很高的一游乐场,1626757684000,0,1,家庭亲子,
YoYo_3D3F3Q4Z,5.0,有趣好玩，景色不错，,1621494429000,0,1,朋友出游,
YoYo_9G3V7A2Z,5.0,不好玩，也许太热了。,1660547448000,0,0,家庭亲子,湖南
薇薇心动⠠,5.0,去了好几次了，还可以,1637826405000,0,0,朋友出游,
YoYo_8A6B2Q6G,5.0,景色不错，有趣好玩，,1620986510000,0,0,情侣夫妻,
Williamkid,5.0,景色不错，性价比高，,1605355259000,0,0,家庭亲子,
Williamkid,5.0,有趣好玩，总体超赞，,1605355241000,0,0,家庭亲子,
YoYo_6R0Q4O5N,5.0,总体超赞，有趣好玩，,1604367874000,0,0,家庭亲子,
不忘初心V安,5.0,体验很好，值得推荐，,1602321616000,0,0,朋友出游,
YoYo_6P0N8P4K,5.0,非常满意，很好很方便,1600523785000,0,0,家庭亲子,
YoYo_8H8Y4X1O,5.0,整体不错错，值得一去,1597627897000,0,0,家庭亲子,
Sundays_ll,4.0,玩过两次，还算可以吧,1682061353000,0,0,家庭亲子,湖南
沫兮♡,4.0,性价比高，有趣好玩，,1621955405000,0,0,情侣夫妻,
_W***64,4.0,景色不错，体验很好，,1597588859000,0,0,家庭亲子,
明LVO程,4.0,还不错吧，带孩子去的,1596101735000,0,0,家庭亲子,
YoYo_3M1Q4W3T,3.0,还行😁建议凉快点去,1597367859000,0,0,朋友出游,
YoYo_9L4V5L9O,3.0,小孩子玩的类型太少了,1596019536000,0,0,家庭亲子,
匿名用户,5.0,工作人员热情服务好,1707748575000,0,0,家庭亲子,湖北
YoYo_6W5S7V7V,5.0,不错孩子玩的很开心,1632137712000,0,0,家庭亲子,
幸福小女孑,5.0,很不错，干净，整洁,1626326948000,0,0,家庭亲子,
享风一样,5.0,周末带孩子可以去。,1625896151000,0,0,家庭亲子,
骑猪看夕阳2020,5.0,很好玩，下次还去。,1615602324000,0,0,朋友出游,
剑舞琴歌,5.0,奥力给，太好玩了。,1613386691000,0,0,家庭亲子,
花脸儿🐱,5.0,太好玩了，真的好玩,1598437893000,0,0,家庭亲子,
YoYo_5P8E0D2R,5.0,挺不错的，一切都好,1595743576000,0,0,朋友出游,
匿名用户,5.0,购票后直接入园,1723539952000,0,0,家庭亲子,湖南
YoYo_5E7S1K9W,5.0,晚上开放的有点少,1676382302000,0,0,情侣夫妻,江苏
YoYo_6B5X9C1H,5.0,好玩，去的夜场。,1660664635000,0,0,家庭亲子,湖南
M2***27,5.0,还不错有趣好玩，,1620006031000,0,0,家庭亲子,
066vy,5.0,很好，好好，很好,1601899263000,0,0,朋友出游,
YoYo_3G8U5U0X,5.0,非常不错，很满意,1598091297000,0,0,家庭亲子,
YoYo_3G8U5U0X,5.0,非常不错，很满意,1598091276000,0,0,家庭亲子,
yimi妈,5.0,适合拍照，还不错,1596596734000,0,0,家庭亲子,
YoYo_0I8Q6I5X,4.0,跟株洲方特差不多,1659678338000,0,1,家庭亲子,湖南
然Daddy,4.0,晚场可玩性并不高,1600601559000,0,0,家庭亲子,
明LVO程,4.0,总体不错，太热了,1596101763000,0,0,家庭亲子,
zeros-w,3.0,总体来说还可以吧,1645872431000,0,0,朋友出游,
YoYo_3M1Q4W3T,3.0,还好建议凉快点去,1597367815000,0,0,朋友出游,
gdlhhh,5.0,孩子玩的很开心,1675095942000,0,0,家庭亲子,云南
三二一五六,5.0,没坐到过上车！,1651495469000,0,0,朋友出游,
manfredli,5.0,很舒服。风景好,1633227399000,0,0,情侣夫妻,
YoYo_3W8J0H0Z,5.0,有趣好玩，很好,1608622232000,0,0,家庭亲子,
YoYo_6P0N8P4K,5.0,很好玩 非常满意,1600523767000,0,0,家庭亲子,
YoYo_9U4Y3U6X,4.0,部分设施未开放,1613706062000,0,0,朋友出游,
YoYo_3R7C7S5Q,4.0,性价比真心不高,1601643952000,0,0,家庭亲子,
匿名用户,5.0,值得去哦！,1725189207000,0,0,朋友出游,湖南
clmzz2008,5.0,小孩子很开心,1717587126000,0,0,家庭亲子,湖南
想变成光,5.0,可以挺不错的,1693747512000,0,0,朋友出游,广东
YoYo_6B0U0F7E,5.0,我觉得很好玩,1640065406000,0,1,情侣夫妻,
YoYo_5P6O9J5D,5.0,白天去挺热的,1632112291000,0,1,朋友出游,
YoYo_6C2V3I0B,5.0,设施比较完善,1597237711000,0,1,朋友出游,
YoYo_1G8Y2B2F,5.0,开心开心开心,1593500327000,0,1,朋友出游,
YoYo_5V5O1M1M,5.0,"挺好的
  好玩吧",1681790109000,0,0,家庭亲子,湖南
YoYo_2U2A5S3C,5.0,非常好，点赞,1676707449000,0,0,朋友出游,湖南
星爸的幸福生活,5.0,过得非常开心,1658040491000,0,0,家庭亲子,
lucky孔,5.0,海盗船好吓人,1640068413000,0,0,情侣夫妻,
YoYo_2C8X0I2X,5.0,很好玩不错哦,1638153729000,0,0,情侣夫妻,
Sans préjudice,5.0,有趣好玩，好,1615555186000,0,0,情侣夫妻,
爱吃的橙子,5.0,值得再去好玩,1613458110000,0,0,家庭亲子,
YoYo_5C5F1Y9Y,5.0,景色好，好玩,1602073625000,0,0,家庭亲子,
YoYo_5C5F1Y9Y,5.0,景色好，好玩,1602073611000,0,0,家庭亲子,
深圳廖哥,5.0,好体验很好，,1600651938000,0,0,家庭亲子,
YoYo_5M3P4D6O,5.0,排队时间过长,1599865543000,0,0,家庭亲子,
湘西福祥,5.0,满意度非常好,1598497395000,0,0,家庭亲子,
花脸儿🐱,5.0,真的太好玩了,1598437874000,0,0,其他出游,
沉默是金的我,5.0,环境不错啊！,1598437677000,0,0,家庭亲子,
YoYo_3G0H7I8U,5.0,okokok,1588396975000,0,0,,
YoYo_3G0H7I8U,5.0,okokok,1588396951000,0,0,,
YoYo_3G0H7I8U,5.0,OKokok,1588396932000,0,0,,
YoYo_4M3R3I9B,4.0,玩的还好😁,1680616621000,0,0,家庭亲子,湖南
an****s,4.0,还是不错的吧,1605506067000,0,0,家庭亲子,
超人,3.0,好多项目没开,1660951919000,0,0,家庭亲子,浙江
Sans préjudice,5.0,服务还不错,1709204398000,0,0,陪同父母,湖南
星爸的幸福生活,5.0,过得很开心,1658040508000,0,2,家庭亲子,
疯疯猪,5.0,很好很强大,1664987261000,0,1,家庭亲子,湖南
Drew_zwt,5.0,蛮好玩的。,1689666949000,1,0,朋友出游,湖南
SpaceSeven,5.0,一年去一次,1647345132000,0,0,家庭亲子,
YoYo_3L6Q0A8J,5.0,值得一去的,1645961952000,0,0,家庭亲子,
新是这个新,5.0,可以很不错,1645018719000,0,0,情侣夫妻,
金莲小姐姐,5.0,***,1641528836000,0,0,朋友出游,
YoYo_6I2P3J1D,5.0,真的很好玩,1635950572000,0,0,家庭亲子,
文无情,5.0,***,1623929350000,0,0,情侣夫妻,
文无情,5.0,***,1623929341000,0,0,情侣夫妻,
YoYo_3L0Q7A3V,5.0,有趣好玩，,1619096882000,0,0,家庭亲子,
YoYo_1M5S4X7P,5.0,有趣好玩，,1613574196000,0,0,家庭亲子,
爱吃的橙子,5.0,值得再来玩,1613458132000,0,0,家庭亲子,
YoYo_9G6L9Q9Y,5.0,景色不错，,1611930560000,0,0,家庭亲子,
阿伟zgw,5.0,总体超赞，,1609600285000,0,0,情侣夫妻,
YoYo_3W8J0H0Z,5.0,性价比高，,1608622244000,0,0,家庭亲子,
弹弹糖棠,5.0,就很棒,1608375473000,0,0,朋友出游,
YoYo_2X7Y5O1J,5.0,我觉得还好,1604896723000,0,0,其他出游,
YoYo_7M8C3G5F,5.0,体验很好，,1603181865000,0,0,家庭亲子,
YoYo_8G0U8Z0S,5.0,值得推荐，,1602311649000,0,0,家庭亲子,
YoYo_8C0H7X0I,5.0,有趣好玩，,1602232072000,0,0,家庭亲子,
YoYo_3V2N1Y7Q,5.0,体验很好，,1601642318000,0,0,家庭亲子,
YoYo_1J0K3B2O,5.0,体验很好，,1600700586000,0,0,家庭亲子,
bbqne,5.0,有趣好玩，,1600354345000,0,0,家庭亲子,
YoYo_2T4W2D4G,5.0,体验很好，,1599272596000,0,0,家庭亲子,
YoYo_1G9W3A4D,5.0,好玩，不错,1588474504000,0,0,,
YoYo_1G9W3A4D,5.0,好玩，不错,1588474494000,0,0,,
smwxy,4.0,值得推荐，,1598712132000,0,0,家庭亲子,
YoYo_4P0R9V4O,4.0,里面东西贵,1598561988000,0,0,家庭亲子,
YoYo_5J3Z5V6P,3.0,就是一般般,1658712280000,0,0,朋友出游,未知
大悟比利,3.0,感觉很一般,1638746020000,0,0,家庭亲子,
管子打铁,3.0,没什么玩的,1634615451000,0,0,家庭亲子,
